Death Knight	Blood	Head	Piercing Gaze of the Risen Nightmare	Tindral Sageswift
Death Knight	Blood	Neck	Amulet of Eonar's Chosen	Nymue
Death Knight	Blood	Shoulders	Skewers of the Risen Nightmare	Smolderon
Death Knight	Blood	Cloak	Vibrant Wildercloth Shawl	Crafted
Death Knight	Blood	Chest	Carapace of the Unbending Flame	Fyrakk
Death Knight	Blood	Wrist	Primal Molten Vambraces	Crafted
Death Knight	Blood	Gloves	Thorns of the Risen Nightmare	Volcoross
Death Knight	Blood	Belt	Smoldering Chevalier's Greatbelt	Tindral Sageswift
Death Knight	Blood	Legs	Greaves of the Risen Nightmare	Larodar, Keeper of the Flame
Death Knight	Blood	Boots	Fused Obsidian Sabatons	Smolderon
Death Knight	Blood	Ring	Signet of the Last Elder	Igira the Cruel
Death Knight	Blood	Ring	Band of Burning Thorns	Larodar, Keeper of the Flame
Death Knight	Blood	Trinket	Cataclysmic Signet Brand	Smolderon
Death Knight	Blood	Trinket	Rezan's Gleaming Eye	Atal'Dazar
Death Knight	Blood	Hands	Gorehowl, Might of the Warchief	Dawn of the Infinite
Death Knight	Blood	Trinket	Branch of the Tormented Ancient	Gnarlroot
Death Knight	Blood	Hands	Incandescent Soulcleaver	Smolderon
Death Knight	Blood	Neck	Ironshell Pendant	Throne of the Tides
Death Knight	Blood	Chest	Casket of the Risen Nightmare	Raid
Death Knight	Blood	Wrist	Allied Wristguard of Companionship	Crafted
Death Knight	Blood	Belt	Girdle of Burgeoning Apathy	Waycrest Manor
Death Knight	Blood	Legs	Greaves of Parallel Lives	Dawn of the Infinite
Death Knight	Blood	Boots	Embellished Ritual Sabatons	Atal'Dazar
Death Knight	Blood	Ring	Lord Waycrest's Signet	Waycrest Manor
Death Knight	Blood	Ring	Ring of Contempt	Black Rook Hold
Death Knight	Blood	Trinket	Accelerating Sandglass	Dawn of the Infinite
Death Knight	Blood	Trinket	Coiled Serpent Idol	Volcoross
Death Knight	Frost	Head	Piercing Gaze of the Risen Nightmare	Tindral Sageswift
Death Knight	Frost	Neck	Amulet of Eonar's Chosen	Nymue
Death Knight	Frost	Shoulders	Skewers of the Risen Nightmare	Smolderon
Death Knight	Frost	Cloak	Vibrant Wildercloth Shawl	Crafted
Death Knight	Frost	Chest	Carapace of the Unbending Flame	Fyrakk
Death Knight	Frost	Wrist	Allied Wristguard of Companionship	Crafted
Death Knight	Frost	Gloves	Thorns of the Risen Nightmare	Igira the Cruel
Death Knight	Frost	Belt	Phlegethic Girdle	Larodar, Keeper of the Flame
Death Knight	Frost	Legs	Greaves of the Risen Nightmare	Larodar, Keeper of the Flame
Death Knight	Frost	Boots	Lavaforged Sollerets	Volcoross
Death Knight	Frost	Ring	Band of Twisted Bark	Darkheart Thicket
Death Knight	Frost	Ring	Arch-Druid's Tainted Seal	Darkheart Thicket
Death Knight	Frost	Trinket	Pip's Emerald Friendship Badge	Urctos
Death Knight	Frost	Trinket	Cataclysmic Signet Brand	Smolderon
Death Knight	Frost	Hands	Gholak, the Final Conflagration	Fyrakk
Death Knight	Frost	Hands	Volcoross's Barbed Fang	Volcoross
Death Knight	Frost	Belt	Unwinding Eon Girdle	Dawn of the Infinite
Death Knight	Frost	Hands	Gnarlroot's Bonecrusher	Gnarlroot
Death Knight	Frost	Ring	Band of Burning Thorns	Larodar, Keeper of the Flame
Death Knight	Frost	Ring	Signet of the Last Elder	Igira the Cruel
Death Knight	Frost	Trinket	Accelerating Sandglass	Dawn of the Infinite
Death Knight	Unholy	Head	Piercing Gaze of the Risen Nightmare	Tindral Sageswift
Death Knight	Unholy	Neck	Eye of the Rising Flame	Tindral Sageswift
Death Knight	Unholy	Shoulders	Skewers of the Risen Nightmare	Smolderon
Death Knight	Unholy	Cloak	Vibrant Wildercloth Shawl	Crafted
Death Knight	Unholy	Chest	Unceasing Footman's Breastplate	Dawn of the Infinite
Death Knight	Unholy	Wrist	Allied Wristguard of Companionship	Crafted
Death Knight	Unholy	Gloves	Thorns of the Risen Nightmare	Igira the Cruel
Death Knight	Unholy	Belt	Unwinding Eon Girdle	Dawn of the Infinite
Death Knight	Unholy	Legs	Greaves of the Risen Nightmare	Larodar, Keeper of the Flame
Death Knight	Unholy	Boots	Fused Obsidian Sabatons	Smolderon
Death Knight	Unholy	Ring	Arch-Druid's Tainted Seal	Darkheart Thicket
Death Knight	Unholy	Ring	Seal of the Regal Loa	Atal'Dazar
Death Knight	Unholy	Trinket	Mirror of Fractured Tomorrows	Dawn of the Infinite
Death Knight	Unholy	Trinket	Cataclysmic Signet Brand	Smolderon
Death Knight	Unholy	Hands	Fyr'alath the Dreamrender	Fyrakk
Death Knight	Unholy	Hands	Incandescent Soulcleaver	Smolderon
Death Knight	Unholy	Chest	Carapace of the Unbending Flame	Fyrakk
Death Knight	Unholy	Belt	Smoldering Chevalier's Greatbelt	Tindral Sageswift
Death Knight	Unholy	Ring	Band of Burning Thorns	Larodar, Keeper of the Flame
Death Knight	Unholy	Ring	Signet of the Last Elder	Igira the Cruel
Death Knight	Unholy	Trinket	Ashes of the Embersoul	Smolderon
Death Knight	Unholy	Neck	Chain of the Green Flight	Darkheart Thicket
Death Knight	Unholy	Boots	Goldsteel Sabatons	The Everbloom
Death Knight	Unholy	Trinket	Rezan's Gleaming Eye	Atal'Dazar
Death Knight	Unholy	Hands	Gorehowl, Might of the Warchief	Dawn of the Infinite
Demon Hunter	Havoc	Head	Screaming Torchfiend's Burning Scowl	Tindral Sageswift
Demon Hunter	Havoc	Neck	Chain of the Green Flight	Darkheart Thicket
Demon Hunter	Havoc	Shoulders	Titanic Shouldersparks	Dawn of the Infinite
Demon Hunter	Havoc	Cloak	Mantle of Blazing Sacrifice	Smolderon
Demon Hunter	Havoc	Chest	Screaming Torchfiend's Binding	Nymue
Demon Hunter	Havoc	Wrist	Life-Bound Bindings	Crafted
Demon Hunter	Havoc	Gloves	Screaming Torchfiend's Grasp	Igira the Cruel
Demon Hunter	Havoc	Belt	Life-Bound Belt	Crafted
Demon Hunter	Havoc	Legs	Screaming Torchfiend's Blazewraps	Larodar, Keeper of the Flame
Demon Hunter	Havoc	Boots	Tasseted Emberwalkers	Tindral Sageswift
Demon Hunter	Havoc	Ring	Signet of the Last Elder	Igira the Cruel
Demon Hunter	Havoc	Ring	Band of Twisted Bark	Darkheart Thicket
Demon Hunter	Havoc	Trinket	Cataclysmic Signet Brand	Smolderon
Demon Hunter	Havoc	Trinket	Witherbark's Branch	The Everbloom
Demon Hunter	Havoc	Hands	Double Time	Dawn of the Infinite
Demon Hunter	Havoc	Head	Silent Tormentor's Hood	Gnarlroot
Demon Hunter	Havoc	Neck	Amulet of Eonar's Chosen	Nymue
Demon Hunter	Havoc	Shoulders	Screaming Torchfiend's Horned Memento	Smolderon
Demon Hunter	Havoc	Boots	Twisted Blossom Stompers	Gnarlroot
Demon Hunter	Havoc	Ring	Band of Burning Thorns	Larodar, Keeper of the Flame
Demon Hunter	Havoc	Trinket	Coiled Serpent Idol	Volcoross
Demon Hunter	Havoc	Hands	Remnant Charglaive	Smolderon
Demon Hunter	Havoc	Hands	Thorncaller Claw	Urctos
Demon Hunter	Havoc	Cloak	Raal's Bib	Waycrest Manor
Demon Hunter	Havoc	Boots	Moss-Covered Wingtip Shoes	Waycrest Manor
Demon Hunter	Havoc	Ring	Band of Callous Dominance	Black Rook Hold
Demon Hunter	Havoc	Trinket	Porcelain Crab	Throne of the Tides
Demon Hunter	Vengeance	Head	Screaming Torchfiend's Burning Scowl	Tindral Sageswift
Demon Hunter	Vengeance	Neck	Elemental Lariat	Crafted
Demon Hunter	Vengeance	Shoulders	Screaming Torchfiend's Horned Memento	Smolderon
Demon Hunter	Vengeance	Cloak	Cloak of Fading Echoes	Darkheart Thicket
Demon Hunter	Vengeance	Chest	Screaming Torchfiend's Binding	Nymue
Demon Hunter	Vengeance	Wrist	Verdant Sanctuary Bands	Urctos
Demon Hunter	Vengeance	Gloves	Screaming Torchfiend's Grasp	Igira the Cruel
Demon Hunter	Vengeance	Belt	Belt of the Eternal Struggle	Dawn of the Infinite
Demon Hunter	Vengeance	Legs	Galakrond's Voracious Hide	Dawn of the Infinite
Demon Hunter	Vengeance	Boots	Slimy Expulsion Boots	Crafted
Demon Hunter	Vengeance	Ring	Band of Callous Dominance	Black Rook Hold
Demon Hunter	Vengeance	Ring	Signet of Titanic Insight	Crafted
Demon Hunter	Vengeance	Trinket	Cataclysmic Signet Brand	Smolderon
Demon Hunter	Vengeance	Trinket	Fyrakk's Tainted Rageheart	Fyrakk
Demon Hunter	Vengeance	Trinket	Gift of Ursine Vengeance	Urctos
Demon Hunter	Vengeance	Trinket	Prophetic Stonescales	Dawn of the Infinite
Demon Hunter	Vengeance	Hands	Thorncaller Claw	Urctos
Demon Hunter	Vengeance	Hands	Double Time	Dawn of the Infinite
Demon Hunter	Vengeance	Neck	Amulet of Eonar's Chosen	Nymue
Demon Hunter	Vengeance	Cloak	Inflammable Drapeleaf	Gnarlroot
Demon Hunter	Vengeance	Belt	Bloody Dragonhide Belt	Igira the Cruel
Demon Hunter	Vengeance	Legs	Screaming Torchfiend's Blazewraps	Larodar, Keeper of the Flame
Demon Hunter	Vengeance	Boots	Screaming Torchfiend's Clutches	Catalyst
Demon Hunter	Vengeance	Ring	Band of Burning Thorns	Larodar, Keeper of the Flame
Demon Hunter	Vengeance	Ring	Signet of the Last Elder	Igira the Cruel
Demon Hunter	Vengeance	Trinket	Augury of the Primal Flame	Fyrakk
Demon Hunter	Vengeance	Hands	Remnant Charglaive	Smolderon
Demon Hunter	Vengeance	Neck	Ironshell Pendant	Throne of the Tides
Demon Hunter	Vengeance	Cloak	Raal's Bib	Waycrest Manor
Demon Hunter	Vengeance	Wrist	Venerated Raptorhide Bindings	Atal'Dazar
Demon Hunter	Vengeance	Belt	Salty Shell-Studded Girdle	Throne of the Tides
Demon Hunter	Vengeance	Ring	Ring of Contempt	Black Rook Hold
Demon Hunter	Vengeance	Trinket	Accelerating Sandglass	Dawn of the Infinite
Druid	Restoration	Head	Silent Tormentor's Hood	Gnarlroot
Druid	Restoration	Neck	Elemental Lariat	Crafted
Druid	Restoration	Shoulders	Benevolent Embersage's Wisdom	Smolderon
Druid	Restoration	Cloak	Drape of the Loyal Vassal	Atal'Dazar
Druid	Restoration	Chest	Benevolent Embersage's Robe	Nymue
Druid	Restoration	Wrist	Verdant Sanctuary Bands	Urctos
Druid	Restoration	Gloves	Benevolent Embersage's Talons	Tindral Sageswift
Druid	Restoration	Belt	Eternal Sentinel's Cord	Nymue
Druid	Restoration	Legs	Benevolent Embersage's Leggings	Larodar, Keeper of the Flame
Druid	Restoration	Boots	Twisted Blossom Stompers	Gnarlroot
Druid	Restoration	Ring	Band of Burning Thorns	Larodar, Keeper of the Flame
Druid	Restoration	Ring	Arch-Druid's Tainted Seal	Darkheart Thicket
Druid	Restoration	Trinket	Pip's Emerald Friendship Badge	Urctos
Druid	Restoration	Trinket	Echoing Tyrstone	Dawn of the Infinite
Druid	Restoration	Hands	Dreambinder, Loom of the Great Cycle	Nymue
Druid	Restoration	Cloak	Mantle of Blazing Sacrifice	Smolderon
Druid	Restoration	Ring	Signet of the Last Elder	Igira the Cruel
Druid	Restoration	Trinket	Smoldering Seedling	Larodar, Keeper of the Flame
Druid	Restoration	Head	Blackwater Helm	The Everbloom
Druid	Restoration	Wrist	Venerated Raptorhide Bindings	Atal'Dazar
Druid	Restoration	Belt	Belt of Gleaming Determination	Atal'Dazar
Druid	Restoration	Boots	Moss-Covered Wingtip Shoes	Waycrest Manor
Druid	Restoration	Ring	Seal of the Regal Loa	Atal'Dazar
Druid	Restoration	Trinket	Coagulated Genesaur Blood	The Everbloom
Druid	Restoration	Hands	Iridal, the Earth's Master	Dawn of the Infinite
Druid	Restoration	Trinket	Sea Star	Throne of the Tides
Druid	Restoration	Trinket	Idol of the Dreamer	Crafted
Druid	Guardian	Head	Benevolent Embersage's Casque	Tindral Sageswift
Druid	Guardian	Neck	Ouroboreal Necklet	Volcoross
Druid	Guardian	Shoulders	Benevolent Embersage's Wisdom	Smolderon
Druid	Guardian	Cloak	Inflammable Drapeleaf	Raid
Druid	Guardian	Chest	Benevolent Embersage's Robe	Nymue
Druid	Guardian	Wrist	Verdant Sanctuary Bands	Urctos
Druid	Guardian	Gloves	Flamewaker's Grips	Volcoross
Druid	Guardian	Belt	Bloody Dragonhide Belt	Igira the Cruel
Druid	Guardian	Legs	Benevolent Embersage's Leggings	Larodar, Keeper of the Flame
Druid	Guardian	Boots	Tasseted Emberwalkers	Tindral Sageswift
Druid	Guardian	Ring	Signet of the Last Elder	Igira the Cruel
Druid	Guardian	Ring	Band of Burning Thorns	Larodar, Keeper of the Flame
Druid	Guardian	Trinket	Augury of the Primal Flame	Fyrakk
Druid	Guardian	Trinket	Fyrakk's Tainted Rageheart	Fyrakk
Druid	Guardian	Hands	Rashon, the Immortal Blaze	Fyrakk
Druid	Guardian	Neck	Raven Filigree Pendant	Black Rook Hold
Druid	Guardian	Cloak	Shadowfeather Shawl	Black Rook Hold
Druid	Guardian	Wrist	Venerated Raptorhide Bindings	Atal'Dazar
Druid	Guardian	Gloves	Gauntlets of Burning Focus	The Everbloom
Druid	Guardian	Belt	Belt of Gleaming Determination	Atal'Dazar
Druid	Guardian	Boots	Decapod Slippers	Throne of the Tides
Druid	Guardian	Ring	Seal of the Regal Loa	Atal'Dazar
Druid	Guardian	Ring	Thornwoven Band	Waycrest Manor
Druid	Guardian	Trinket	Oakheart's Gnarled Root	Darkheart Thicket
Druid	Guardian	Trinket	Spiked Counterweight	Black Rook Hold
Druid	Guardian	Hands	Borrowed Time	Dawn of the Infinite
Druid	Guardian	Trinket	Cataclysmic Signet Brand	Smolderon
Druid	Feral	Head	Benevolent Embersage's Casque	Tindral Sageswift
Druid	Feral	Neck	Eye of the Rising Flame	Tindral Sageswift
Druid	Feral	Shoulders	Titanic Shouldersparks	Dawn of the Infinite
Druid	Feral	Cloak	Mantle of Blazing Sacrifice	Smolderon
Druid	Feral	Chest	Benevolent Embersage's Robe	Nymue
Druid	Feral	Wrist	Bracers of Dreadful Maladies	Waycrest Manor
Druid	Feral	Gloves	Benevolent Embersage's Talons	Igira the Cruel
Druid	Feral	Belt	Belt of the Eternal Struggle	Dawn of the Infinite
Druid	Feral	Legs	Benevolent Embersage's Leggings	Larodar, Keeper of the Flame
Druid	Feral	Boots	Vigorous Sandstompers	Dawn of the Infinite
Druid	Feral	Ring	Arch-Druid's Tainted Seal	Darkheart Thicket
Druid	Feral	Ring	Lord Waycrest's Signet	Waycrest Manor
Druid	Feral	Hands	Rashon, the Immortal Blaze	Fyrakk
Druid	Feral	Wrist	Verdant Sanctuary Bands	Urctos
Druid	Feral	Belt	Eternal Sentinel's Cord	Nymue
Druid	Feral	Boots	Twisted Blossom Stompers	Gnarlroot
Druid	Feral	Ring	Band of Burning Thorns	Larodar, Keeper of the Flame
Druid	Feral	Ring	Signet of the Last Elder	Igira the Cruel
Druid	Feral	Neck	Chain of the Green Flight	Darkheart Thicket
Druid	Feral	Cloak	Drape of the Loyal Vassal	Atal'Dazar
Druid	Feral	Hands	Borrowed Time	Dawn of the Infinite
Druid	Feral	Trinket	Witherbark's Branch	The Everbloom
Druid	Feral	Trinket	Cataclysmic Signet Brand	Smolderon
Druid	Feral	Trinket	Accelerating Sandglass	Dawn of the Infinite
Druid	Feral	Trinket	Ashes of the Embersoul	Smolderon
Druid	Balance	Head	Benevolent Embersage's Casque	Tindral Sageswift
Druid	Balance	Neck	Eye of the Rising Flame	Tindral Sageswift
Druid	Balance	Shoulders	Benevolent Embersage's Wisdom	Smolderon
Druid	Balance	Cloak	Drape of the Loyal Vassal	Atal'Dazar
Druid	Balance	Chest	Benevolent Embersage's Robe	Nymue
Druid	Balance	Wrist	Thermal Bindings	Darkheart Thicket
Druid	Balance	Gloves	Fading Chronogrips	Dawn of the Infinite
Druid	Balance	Belt	Benevolent Embersage's Sagacious Sash	Catalyst
Druid	Balance	Legs	Benevolent Embersage's Leggings	Larodar, Keeper of the Flame
Druid	Balance	Boots	Twisted Blossom Stompers	Gnarlroot
Druid	Balance	Ring	Band of Twisted Bark	Darkheart Thicket
Druid	Balance	Ring	Arch-Druid's Tainted Seal	Darkheart Thicket
Druid	Balance	Trinket	Pip's Emerald Friendship Badge	Urctos
Druid	Balance	Trinket	Mirror of Fractured Tomorrows	Dawn of the Infinite
Druid	Balance	Hands	Vakash, the Shadowed Inferno	Fyrakk
Druid	Balance	Hands	Trickster's Captivating Chime	Urctos
Druid	Balance	Cloak	Mantle of Blazing Sacrifice	Smolderon
Druid	Balance	Wrist	Verdant Sanctuary Bands	Urctos
Druid	Balance	Gloves	Flamewaker's Grips	Volcoross
Druid	Balance	Ring	Band of Burning Thorns	Larodar, Keeper of the Flame
Druid	Balance	Ring	Signet of the Last Elder	Igira the Cruel
Druid	Balance	Trinket	Belor'relos, the Suncaller	Tindral Sageswift
Druid	Balance	Neck	Chain of the Green Flight	Darkheart Thicket
Druid	Balance	Boots	Tooled Rivermoor Boots	Black Rook Hold
Druid	Balance	Trinket	Coagulated Genesaur Blood	The Everbloom
Druid	Balance	Hands	Morchie's Distorted Spellblade	Dawn of the Infinite
Druid	Balance	Hands	Interloper's Mossy Skull	The Everbloom
Druid	Balance	Hands	Iridal, the Earth's Master	Dawn of the Infinite
Evoker	Augmentation	Head	Weyrnkeeper's Timeless Dracoif	Tindral Sageswift
Evoker	Augmentation	Neck	Eye of the Rising Flame	Tindral Sageswift
Evoker	Augmentation	Shoulders	Weyrnkeeper's Timeless Sandbrace	Smolderon
Evoker	Augmentation	Cloak	Mantle of Blazing Sacrifice	Smolderon
Evoker	Augmentation	Chest	Weyrnkeeper's Timeless Raiment	Nymue
Evoker	Augmentation	Wrist	Complicated Cuffs	Crafted
Evoker	Augmentation	Gloves	Weyrnkeeper's Timeless Clawguards	Igira the Cruel
Evoker	Augmentation	Belt	Weyrnkeeper's Timeless Adorned Sash	Catalyst
Evoker	Augmentation	Belt	Soul-Torn Fury Cinch	Black Rook Hold
Evoker	Augmentation	Legs	Allied Legguards of Sansok Khan	Crafted
Evoker	Augmentation	Boots	Whelp Handler's Lined Boots	Darkheart Thicket
Evoker	Augmentation	Ring	Arch-Druid's Tainted Seal	Darkheart Thicket
Evoker	Augmentation	Ring	Signet of Titanic Insight	Crafted
Evoker	Augmentation	Trinket	Belor'relos, the Suncaller	Tindral Sageswift
Evoker	Augmentation	Trinket	Nymue's Unraveling Spindle	Nymue
Evoker	Augmentation	Hands	Dreambinder, Loom of the Great Cycle	Nymue
Evoker	Augmentation	Hands	Vakash, the Shadowed Inferno	Fyrakk
Evoker	Augmentation	Hands	Trickster's Captivating Chime	Urctos
Evoker	Augmentation	Wrist	Twisted Flamecuffs	Larodar, Keeper of the Flame
Evoker	Augmentation	Belt	Forlorn Leaf Clasp	Gnarlroot
Evoker	Augmentation	Legs	Aerwynn's Ritual Sarong	Urctos
Evoker	Augmentation	Boots	Cleats of the Savage Claw	Urctos
Evoker	Augmentation	Ring	Band of Burning Thorns	Larodar, Keeper of the Flame
Evoker	Augmentation	Ring	Signet of the Last Elder	Igira the Cruel
Evoker	Augmentation	Head	Coif of the Court Spider	Atal'Dazar
Evoker	Augmentation	Neck	Chain of the Green Flight	Darkheart Thicket
Evoker	Augmentation	Shoulders	Shadow Archer's Spaulders	Black Rook Hold
Evoker	Augmentation	Cloak	Drape of the Loyal Vassal	Atal'Dazar
Evoker	Augmentation	Chest	Dream Bolstered Chestguard	Darkheart Thicket
Evoker	Augmentation	Wrist	Slaughterhouse-Chain Bracers	Waycrest Manor
Evoker	Augmentation	Gloves	Stonecracker Knuckles	Dawn of the Infinite
Evoker	Augmentation	Legs	Fel-Hammered Greaves	Black Rook Hold
Evoker	Augmentation	Ring	Anthia's Ring	Throne of the Tides
Evoker	Augmentation	Trinket	Balefire Branch	Waycrest Manor
Evoker	Augmentation	Trinket	Vessel of Skittering Shadows	Atal'Dazar
Evoker	Augmentation	Hands	Iridal, the Earth's Master	Dawn of the Infinite
Evoker	Augmentation	Hands	Morchie's Distorted Spellblade	Dawn of the Infinite
Evoker	Augmentation	Hands	Interloper's Mossy Skull	The Everbloom
Evoker	Devastation	Head	Loszkeleth's Blighted Skullhelm	Dawn of the Infinite
Evoker	Devastation	Neck	Amulet of Eonar's Chosen	Nymue
Evoker	Devastation	Shoulders	Weyrnkeeper's Timeless Sandbrace	Smolderon
Evoker	Devastation	Cloak	Inflammable Drapeleaf	Gnarlroot
Evoker	Devastation	Chest	Weyrnkeeper's Timeless Raiment	Nymue
Evoker	Devastation	Wrist	Adaptive Dracothyst Armguards	Crafted
Evoker	Devastation	Gloves	Weyrnkeeper's Timeless Clawguards	Igira the Cruel
Evoker	Devastation	Belt	Jeweled Sash of the Viper	Volcoross
Evoker	Devastation	Legs	Weyrnkeeper's Timeless Breeches	Larodar, Keeper of the Flame
Evoker	Devastation	Boots	Acidic Hailstone Treads	Crafted
Evoker	Devastation	Ring	Band of Burning Thorns	Larodar, Keeper of the Flame
Evoker	Devastation	Ring	Seal of the Regal Loa	Atal'Dazar
Evoker	Devastation	Trinket	Nymue's Unraveling Spindle	Nymue
Evoker	Devastation	Trinket	Belor'relos, the Suncaller	Tindral Sageswift
Evoker	Devastation	Hands	Vakash, the Shadowed Inferno	Fyrakk
Evoker	Devastation	Hands	Bioluminescent Lamp	Throne of the Tides
Evoker	Devastation	Head	Snake Eater's Cowl	Volcoross
Evoker	Devastation	Wrist	Wellspring Wristlets	Nymue
Evoker	Devastation	Boots	Cleats of the Savage Claw	Urctos
Evoker	Devastation	Ring	Signet of the Last Elder	Igira the Cruel
Evoker	Devastation	Hands	Trickster's Captivating Chime	Urctos
Evoker	Devastation	Hands	Dreambinder, Loom of the Great Cycle	Nymue
Evoker	Devastation	Neck	Chain of the Green Flight	Darkheart Thicket
Evoker	Devastation	Cloak	Raal's Bib	Waycrest Manor
Evoker	Devastation	Wrist	Timeway Sojourner's Bracelet	Dawn of the Infinite
Evoker	Devastation	Belt	Stonespeaker's Spare Cinch	Throne of the Tides
Evoker	Devastation	Boots	Souldrifting Sabatons	Atal'Dazar
Evoker	Devastation	Ring	Band of Callous Dominance	Black Rook Hold
Evoker	Devastation	Trinket	Mirror of Fractured Tomorrows	Dawn of the Infinite
Evoker	Devastation	Trinket	Sea Star	Throne of the Tides
Evoker	Devastation	Trinket	Balefire Branch	Waycrest Manor
Evoker	Devastation	Hands	Iridal, the Earth's Master	Dawn of the Infinite
Evoker	Devastation	Hands	Morchie's Distorted Spellblade	Dawn of the Infinite
Evoker	Preservation	Head	Weyrnkeeper's Timeless Dracoif	Tindral Sageswift
Evoker	Preservation	Neck	Raven Filigree Pendant	Black Rook Hold
Evoker	Preservation	Shoulders	Weyrnkeeper's Timeless Sandbrace	Smolderon
Evoker	Preservation	Cloak	Mantle of Blazing Sacrifice	Smolderon
Evoker	Preservation	Chest	Weyrnkeeper's Timeless Raiment	Nymue
Evoker	Preservation	Wrist	Adaptive Dracothyst Armguards	Crafted
Evoker	Preservation	Gloves	Weyrnkeeper's Timeless Clawguards	Igira the Cruel
Evoker	Preservation	Belt	Jeweled Sash of the Viper	Volcoross
Evoker	Preservation	Legs	Allied Legguards of Sansok Khan	Crafted
Evoker	Preservation	Boots	Boots of the Molten Hoard	Fyrakk
Evoker	Preservation	Ring	Arch-Druid's Tainted Seal	Darkheart Thicket
Evoker	Preservation	Ring	Band of Twisted Bark	Darkheart Thicket
Evoker	Preservation	Trinket	Pip's Emerald Friendship Badge	Urctos
Evoker	Preservation	Trinket	Echoing Tyrstone	Dawn of the Infinite
Evoker	Preservation	Hands	Dreambinder, Loom of the Great Cycle	Nymue
Evoker	Preservation	Neck	Ouroboreal Necklet	Volcoross
Evoker	Preservation	Ring	Band of Burning Thorns	Larodar, Keeper of the Flame
Evoker	Preservation	Ring	Signet of the Last Elder	Igira the Cruel
Evoker	Preservation	Trinket	Smoldering Seedling	Larodar, Keeper of the Flame
Evoker	Preservation	Cloak	Cloak of Unwavering Loyalty	Black Rook Hold
Evoker	Preservation	Belt	Waistguard of Deteriorating Grace	Waycrest Manor
Evoker	Preservation	Boots	Bramble Looped Boots	Waycrest Manor
Evoker	Preservation	Ring	Ring of Contempt	Black Rook Hold
Evoker	Preservation	Trinket	Coagulated Genesaur Blood	The Everbloom
Evoker	Preservation	Hands	Iridal, the Earth's Master	Dawn of the Infinite
Evoker	Preservation	Trinket	Sea Star	Throne of the Tides
Evoker	Preservation	Trinket	Idol of the Earth-Warder	Crafted
Hunter	Beast Mastery	Head	Blazing Dreamstalker's Flamewaker Horns	Tindral Sageswift
Hunter	Beast Mastery	Neck	Eye of the Rising Flame	Tindral Sageswift
Hunter	Beast Mastery	Shoulders	Blazing Dreamstalker's Finest Hunt	Smolderon
Hunter	Beast Mastery	Cloak	Cloak of Fading Echoes	Darkheart Thicket
Hunter	Beast Mastery	Chest	Blazing Dreamstalker's Scaled Hauberk	Nymue
Hunter	Beast Mastery	Wrist	Adaptive Dracothyst Armguards	Crafted
Hunter	Beast Mastery	Gloves	Blazing Dreamstalker's Skinners	Igira the Cruel
Hunter	Beast Mastery	Belt	Forlorn Leaf Clasp	Gnarlroot
Hunter	Beast Mastery	Legs	Allied Legguards of Sansok Khan	Crafted
Hunter	Beast Mastery	Boots	Cleats of the Savage Claw	Urctos
Hunter	Beast Mastery	Ring	Arch-Druid's Tainted Seal	Darkheart Thicket
Hunter	Beast Mastery	Ring	Band of Twisted Bark	Darkheart Thicket
Hunter	Beast Mastery	Trinket	Pip's Emerald Friendship Badge	Urctos
Hunter	Beast Mastery	Trinket	Mirror of Fractured Tomorrows	Dawn of the Infinite
Hunter	Beast Mastery	Hands	Traveler's Timesplitter	Dawn of the Infinite
Hunter	Beast Mastery	Cloak	Mantle of Blazing Sacrifice	Smolderon
Hunter	Beast Mastery	Wrist	Twisted Flamecuffs	Larodar, Keeper of the Flame
Hunter	Beast Mastery	Gloves	Flameseer's Winged Grasps	Tindral Sageswift
Hunter	Beast Mastery	Legs	Blazing Dreamstalker's Shellgreaves	Larodar, Keeper of the Flame
Hunter	Beast Mastery	Ring	Band of Burning Thorns	Larodar, Keeper of the Flame
Hunter	Beast Mastery	Ring	Daydreamer's Glimmering Ring	Raid
Hunter	Beast Mastery	Trinket	Bandolier of Twisted Blades	Igira the Cruel
Hunter	Beast Mastery	Hands	Magmatic Volcannon	Volcoross
Hunter	Beast Mastery	Neck	Chain of the Green Flight	Darkheart Thicket
Hunter	Beast Mastery	Wrist	Slaughterhouse-Chain Bracers	Waycrest Manor
Hunter	Beast Mastery	Gloves	Thornshaper Mitts	Waycrest Manor
Hunter	Beast Mastery	Belt	Reality-Warping Waistband	Dawn of the Infinite
Hunter	Beast Mastery	Boots	Grunt's Eternal Treads	Dawn of the Infinite
Hunter	Beast Mastery	Trinket	Witherbark's Branch	The Everbloom
Hunter	Marksmanship	Head	Blazing Dreamstalker's Flamewaker Horns	Tindral Sageswift
Hunter	Marksmanship	Neck	Ouroboreal Necklet	Volcoross
Hunter	Marksmanship	Shoulders	Blazing Dreamstalker's Finest Hunt	Smolderon
Hunter	Marksmanship	Cloak	Vibrant Wildercloth Shawl	Crafted
Hunter	Marksmanship	Chest	Blazing Dreamstalker's Scaled Hauberk	Nymue
Hunter	Marksmanship	Wrist	Adaptive Dracothyst Armguards (for Raiding)	Crafted
Hunter	Marksmanship	Wrist	Twisted Flamecuffs (for Mythic+)	Larodar, Keeper of the Flame
Hunter	Marksmanship	Gloves	Blazing Dreamstalker's Skinners	Igira the Cruel
Hunter	Marksmanship	Belt	Forlorn Leaf Clasp	Raid
Hunter	Marksmanship	Legs	Blazing Dreamstalker's Shellgreaves	Larodar, Keeper of the Flame
Hunter	Marksmanship	Boots	Blazing Dreamstalker's Striders	Urctos
Hunter	Marksmanship	Ring	Signet of Titanic Insight	Crafted
Hunter	Marksmanship	Ring	Band of Burning Thorns	Larodar, Keeper of the Flame
Hunter	Marksmanship	Trinket	Mirror of Fractured Tomorrows	Dawn of the Infinite
Hunter	Marksmanship	Trinket	Pip's Emerald Friendship Badge	Urctos
Hunter	Marksmanship	Hands	Ashen Ranger's Longbow	Tindral Sageswift
Hunter	Marksmanship	Cloak	Mantle of Blazing Sacrifice	Smolderon
Hunter	Marksmanship	Wrist	Twisted Flamecuffs	Larodar, Keeper of the Flame
Hunter	Marksmanship	Boots	Boots of the Molten Hoard	Fyrakk
Hunter	Marksmanship	Ring	Daydreamer's Glimmering Ring	Raid
Hunter	Marksmanship	Trinket	Bandolier of Twisted Blades	Igira the Cruel
Hunter	Marksmanship	Neck	Raven Filigree Pendant	Black Rook Hold
Hunter	Marksmanship	Cloak	Raal's Bib	Waycrest Manor
Hunter	Marksmanship	Wrist	Timeway Sojourner's Bracelet	Dawn of the Infinite
Hunter	Marksmanship	Gloves	Midnight Reaper Handwraps	Black Rook Hold
Hunter	Marksmanship	Belt	Waistguard of Deteriorating Grace	Waycrest Manor
Hunter	Marksmanship	Boots	Whelp Handler's Lined Boots	Darkheart Thicket
Hunter	Marksmanship	Ring	Arch-Druid's Tainted Seal	Darkheart Thicket
Hunter	Marksmanship	Ring	Band of Twisted Bark	Darkheart Thicket
Hunter	Marksmanship	Trinket	Witherbark's Branch	The Everbloom
Hunter	Marksmanship	Hands	Traveler's Timesplitter	Dawn of the Infinite
Hunter	Survival	Head	Snake Eater's Cowl	Volcoross
Hunter	Survival	Neck	Amulet of Eonar's Chosen	Nymue
Hunter	Survival	Shoulders	Blazing Dreamstalker's Finest Hunt	Catalyst
Hunter	Survival	Cloak	Inflammable Drapeleaf	Gnarlroot
Hunter	Survival	Chest	Blazing Dreamstalker's Scaled Hauberk	Catalyst
Hunter	Survival	Wrist	Adaptive Dracothyst Armguards	Crafted
Hunter	Survival	Gloves	Blazing Dreamstalker's Skinners	Catalyst
Hunter	Survival	Belt	Forlorn Leaf Clasp	Gnarlroot
Hunter	Survival	Legs	Blazing Dreamstalker's Shellgreaves	Catalyst
Hunter	Survival	Boots	Flame-Touched Treads	Crafted
Hunter	Survival	Ring	Signet of the Last Elder	Igira the Cruel
Hunter	Survival	Ring	Thornwoven Band	Waycrest Manor
Hunter	Survival	Trinket	Cataclysmic Signet Brand	Smolderon
Hunter	Survival	Trinket	My'das Talisman	Atal'Dazar
Hunter	Survival	Hands	Rashon, the Immortal Blaze	Fyrakk
Hunter	Survival	Wrist	Wellspring Wristlets	Nymue
Hunter	Survival	Boots	Cleats of the Savage Claw	Urctos
Hunter	Survival	Ring	Band of Burning Thorns	Larodar, Keeper of the Flame
Hunter	Survival	Trinket	Bandolier of Twisted Blades	Igira the Cruel
Hunter	Survival	Head	Loszkeleth's Blighted Skullhelm	Dawn of the Infinite
Hunter	Survival	Neck	Ironshell Pendant	Throne of the Tides
Hunter	Survival	Cloak	Shadowfeather Shawl	Black Rook Hold
Hunter	Survival	Wrist	Blighted Grasp Bracers	Darkheart Thicket
Hunter	Survival	Belt	Waistguard of Deteriorating Grace	Waycrest Manor
Hunter	Survival	Boots	Souldrifting Sabatons	Atal'Dazar
Hunter	Survival	Ring	Seal of the Regal Loa	Atal'Dazar
Hunter	Survival	Trinket	Accelerating Sandglass	Dawn of the Infinite
Hunter	Survival	Hands	Borrowed Time	Dawn of the Infinite
Mage	Arcane	Head	Wayward Chronomancer's Chronocap	Tindral Sageswift
Mage	Arcane	Neck	Ouroboreal Necklet	Volcoross
Mage	Arcane	Shoulders	Wayward Chronomancer's Metronomes	Smolderon
Mage	Arcane	Cloak	Vibrant Wildercloth Shawl	Crafted
Mage	Arcane	Chest	Wayward Chronomancer's Patchwork	Nymue
Mage	Arcane	Wrist	Vibrant Wildercloth Wristwraps	Crafted
Mage	Arcane	Gloves	Wayward Chronomancer's Gloves	Igira the Cruel
Mage	Arcane	Belt	Wayward Chronomancer's Synchronous Belt	Catalyst
Mage	Arcane	Legs	Wayward Chronomancer's Pantaloons	Larodar, Keeper of the Flame
Mage	Arcane	Boots	Wayward Chronomancer's Strapped Boots	Catalyst
Mage	Arcane	Ring	Anthia's Ring	Throne of the Tides
Mage	Arcane	Ring	Lord Waycrest's Signet	Waycrest Manor
Mage	Arcane	Trinket	Balefire Branch	Waycrest Manor
Mage	Arcane	Trinket	Belor'relos, the Suncaller	Tindral Sageswift
Mage	Arcane	Hands	Dreambinder, Loom of the Great Cycle	Nymue
Mage	Arcane	Cloak	Mantle of Blazing Sacrifice	Smolderon
Mage	Arcane	Wrist	Anguished Restraints	Gnarlroot
Mage	Arcane	Belt	Urctos's Hibernal Dial	Urctos
Mage	Arcane	Legs	Elder's Volcanic Wrap	Igira the Cruel
Mage	Arcane	Boots	Lifewoven Slippers	Nymue
Mage	Arcane	Ring	Band of Burning Thorns	Larodar, Keeper of the Flame
Mage	Arcane	Ring	Signet of the Last Elder	Igira the Cruel
Mage	Arcane	Trinket	Ashes of the Embersoul	Larodar, Keeper of the Flame
Mage	Arcane	Neck	Chain of the Green Flight	Darkheart Thicket
Mage	Arcane	Cloak	Cloak of Fading Echoes	Darkheart Thicket
Mage	Arcane	Wrist	Arathi Field Bandages	Dawn of the Infinite
Mage	Arcane	Belt	Mobius Strap	Dawn of the Infinite
Mage	Arcane	Legs	Bloodstained Sous Chef Pants	Waycrest Manor
Mage	Arcane	Boots	Imbued Frostweave Slippers	Dawn of the Infinite
Mage	Arcane	Trinket	Coagulated Genesaur Blood	The Everbloom
Mage	Arcane	Hands	Iridal, the Earth's Master	Dawn of the Infinite
Mage	Fire	Head	Crown of the Infinite Lord	Dawn of the Infinite
Mage	Fire	Neck	Amulet of Eonar's Chosen	Nymue
Mage	Fire	Shoulders	Wayward Chronomancer's Metronomes	Smolderon
Mage	Fire	Cloak	Vibrant Wildercloth Shawl (Shadowflame)	Crafted
Mage	Fire	Chest	Wayward Chronomancer's Patchwork	Nymue
Mage	Fire	Wrist	Drust-Thatched Wristwraps	Waycrest Manor
Mage	Fire	Gloves	Wayward Chronomancer's Gloves	Igira the Cruel
Mage	Fire	Belt	Vibrant Wildercloth Girdle (Shadowflame)	Crafted
Mage	Fire	Legs	Wayward Chronomancer's Pantaloons	Larodar, Keeper of the Flame
Mage	Fire	Boots	Lost Scholar's Belted Treads	Volcoross
Mage	Fire	Ring	Lord Waycrest's Signet	Waycrest Manor
Mage	Fire	Ring	Ring of Contempt	Black Rook Hold
Mage	Fire	Trinket	Augury of the Primal Flame	Fyrakk
Mage	Fire	Trinket	Belor'relos, the Suncaller	Tindral Sageswift
Mage	Fire	Hands	Iridal, the Earth's Master	Dawn of the Infinite
Mage	Fire	Head	Wayward Chronomancer's Chronocap	Tindral Sageswift
Mage	Fire	Cloak	Inflammable Drapeleaf	Gnarlroot
Mage	Fire	Chest	Vesture of the Smoldering Serpent	Volcoross
Mage	Fire	Wrist	Anguished Restraints	Gnarlroot
Mage	Fire	Belt	Urctos's Hibernal Dial	Urctos
Mage	Fire	Ring	Band of Burning Thorns	Larodar, Keeper of the Flame
Mage	Fire	Ring	Signet of the Last Elder	Igira the Cruel
Mage	Fire	Trinket	Nymue's Unraveling Spindle	Nymue
Mage	Fire	Trinket	Dreambinder, Loom of the Great Cycle	Nymue
Mage	Fire	Hands	Eternal Kindler's Greatstaff	Tindral Sageswift
Mage	Fire	Hands	Sickle of the White Stag	Urctos
Mage	Fire	Hands	Trickster's Captivating Chime	Urctos
Mage	Fire	Neck	Raven Filigree Pendant	Black Rook Hold
Mage	Fire	Cloak	Shadowfeather Shawl	Black Rook Hold
Mage	Fire	Belt	Mobius Strap	Dawn of the Infinite
Mage	Fire	Boots	Slippers of Heedless Sacrifice	Black Rook Hold
Mage	Fire	Trinket	Lady Waycrest's Music Box	Waycrest Manor
Mage	Fire	Trinket	Balefire Branch	Waycrest Manor
Mage	Fire	Hands	Morchie's Distorted Spellblade	Dawn of the Infinite
Mage	Fire	Hands	Bioluminescent Lamp	Throne of the Tides
Mage	Frost	Head	Wayward Chronomancer's Chronocap	Tindral Sageswift
Mage	Frost	Neck	Ouroboreal Necklet	Volcoross
Mage	Frost	Shoulders	Wayward Chronomancer's Metronomes	Smolderon
Mage	Frost	Cloak	Vibrant Wildercloth Shawl	Crafted
Mage	Frost	Chest	Wayward Chronomancer's Patchwork	Nymue
Mage	Frost	Wrist	Vibrant Wildercloth Wristwraps	Crafted
Mage	Frost	Gloves	Wayward Chronomancer's Gloves	Igira the Cruel
Mage	Frost	Belt	Urctos's Hibernal Dial	Urctos
Mage	Frost	Legs	Bloodstained Sous Chef Pants	Waycrest Manor
Mage	Frost	Boots	Devilsaur Worshiper's Sandals	Atal'Dazar
Mage	Frost	Ring	Arch-Druid's Tainted Seal	Darkheart Thicket
Mage	Frost	Ring	Signet of the Last Elder	Igira the Cruel
Mage	Frost	Trinket	Belor'relos, the Suncaller	Tindral Sageswift
Mage	Frost	Trinket	Balefire Branch	Waycrest Manor
Mage	Frost	Hands	Dreambinder, Loom of the Great Cycle	Nymue
Mage	Frost	Hands	Larodar's Moonblade	Larodar, Keeper of the Flame
Mage	Frost	Hands	Trickster's Captivating Chime	Urctos
Mage	Frost	Cloak	Mantle of Blazing Sacrifice	Smolderon
Mage	Frost	Wrist	Fading Flame Wristbands	Smolderon
Mage	Frost	Legs	Elder's Volcanic Wrap	Igira the Cruel
Mage	Frost	Boots	Lifewoven Slippers	Nymue
Mage	Frost	Ring	Band of Burning Thorns	Larodar, Keeper of the Flame
Mage	Frost	Trinket	Augury of the Primal Flame	Fyrakk
Mage	Frost	Neck	Chain of the Green Flight	Darkheart Thicket
Mage	Frost	Cloak	Drape of the Loyal Vassal	Atal'Dazar
Mage	Frost	Wrist	Bracers of Swirling Light	The Everbloom
Mage	Frost	Belt	Poisonroot Belt	Darkheart Thicket
Mage	Frost	Ring	Band of Twisted Bark	Darkheart Thicket
Mage	Frost	Trinket	Vessel of Skittering Shadows	Atal'Dazar
Mage	Frost	Hands	Iridal, the Earth's Master	Dawn of the Infinite
Mage	Frost	Hands	Morchie's Distorted Spellblade	Dawn of the Infinite
Mage	Frost	Hands	Interloper's Mossy Skull	The Everbloom
Mage	Frost	Trinket	Pip's Emerald Friendship Badge	Urctos
Mage	Frost	Trinket	Mirror of Fractured Tomorrows	Dawn of the Infinite
Monk	Brewmaster	Head	Mystic Heron's Hatsuburi	Tindral Sageswift
Monk	Brewmaster	Neck	Ouroboreal Necklet	Volcoross
Monk	Brewmaster	Shoulders	Strigine Epaulets	Urctos
Monk	Brewmaster	Cloak	Inflammable Drapeleaf	Gnarlroot
Monk	Brewmaster	Chest	Mystic Heron's Burdens	Nymue
Monk	Brewmaster	Wrist	Venerated Raptorhide Bindings	Atal'Dazar
Monk	Brewmaster	Gloves	Mystic Heron's Glovebills	Igira the Cruel
Monk	Brewmaster	Belt	Life-Bound Belt	Crafted
Monk	Brewmaster	Legs	Mystic Heron's Waders	Larodar, Keeper of the Flame
Monk	Brewmaster	Boots	Slimy Expulsion Boots	Crafted
Monk	Brewmaster	Ring	Signet of the Last Elder	Igira the Cruel
Monk	Brewmaster	Ring	Lord Waycrest's Signet	Waycrest Manor
Monk	Brewmaster	Trinket	Fyrakk's Tainted Rageheart	Fyrakk
Monk	Brewmaster	Trinket	Bandolier of Twisted Blades	Igira the Cruel
Monk	Brewmaster	Trinket	Prophetic Stonescales	Dawn of the Infinite
Monk	Brewmaster	Hands	Rashon, the Immortal Blaze	Fyrakk
Monk	Brewmaster	Hands	Thorncaller Claw	Urctos
Monk	Brewmaster	Hands	Soulcharmer's Bludgeon	Waycrest Manor
Monk	Brewmaster	Wrist	Primordial Serpent's Bindings	Volcoross
Monk	Brewmaster	Belt	Bloody Dragonhide Belt	Igira the Cruel
Monk	Brewmaster	Boots	Tasseted Emberwalkers	Tindral Sageswift
Monk	Brewmaster	Ring	Band of Burning Thorns	Larodar, Keeper of the Flame
Monk	Brewmaster	Trinket	Gift of Ursine Vengeance	Urctos
Monk	Brewmaster	Hands	Igira's Flaying Hatchet	Igira the Cruel
Monk	Brewmaster	Neck	Raven Filigree Pendant	Black Rook Hold
Monk	Brewmaster	Shoulders	Leafmender Mantle	The Everbloom
Monk	Brewmaster	Cloak	Shadowfeather Shawl	Black Rook Hold
Monk	Brewmaster	Belt	Hound-Jowl Waistband	Waycrest Manor
Monk	Brewmaster	Boots	Moss-Covered Wingtip Shoes	Waycrest Manor
Monk	Brewmaster	Ring	Thornwoven Band	Waycrest Manor
Monk	Brewmaster	Trinket	Porcelain Crab	Throne of the Tides
Monk	Brewmaster	Trinket	Witherbark's Branch	The Everbloom
Monk	Brewmaster	Trinket	Ember of Nullification	Black Rook Hold
Monk	Brewmaster	Hands	Blightreaper	Waycrest Manor
Monk	Brewmaster	Hands	Lightning Whelk Axe	Throne of the Tides
Monk	Brewmaster	Trinket	Augury of the Primal Flame	Fyrakk
Monk	Brewmaster	Trinket	Cataclysmic Signet Brand	Smolderon
Monk	Brewmaster	Trinket	Coiled Serpent Idol	Volcoross
Monk	Brewmaster	Trinket	My'das Talisman	Atal'Dazar
Monk	Brewmaster	Trinket	Pip's Emerald Friendship Badge	Urctos
Monk	Mistweaver	Head	Mystic Heron's Hatsuburi	Tindral Sageswift
Monk	Mistweaver	Neck	Elemental Lariat	Crafted
Monk	Mistweaver	Shoulders	Mystic Heron's Hopeful Effigy	Smolderon
Monk	Mistweaver	Cloak	Mystic Heron's Feathered Mantle	Raid/Catalyst
Monk	Mistweaver	Chest	Mystic Heron's Burdens	Nymue
Monk	Mistweaver	Wrist	Verdant Sanctuary Bands	Urctos
Monk	Mistweaver	Hands	Mystic Heron's Glovebills	Igira the Cruel
Monk	Mistweaver	Belt	Eternal Sentinel's Cord	Nymue
Monk	Mistweaver	Legs	Galakrond's Voracious Hide	Dawn of the Infinite
Monk	Mistweaver	Boots	Decapod Slippers	Throne of the Tides
Monk	Mistweaver	Ring	Band of Burning Thorns	Larodar, Keeper of the Flame
Monk	Mistweaver	Ring	Ring of Contempt	Black Rook Hold
Monk	Mistweaver	Trinket	Echoing Tyrstone	Dawn of the Infinite
Monk	Mistweaver	Trinket	Coagulated Genesaur Blood	The Everbloom
Monk	Mistweaver	Hands	Iridal, the Earth's Master	Dawn of the Infinite
Monk	Mistweaver	Head	Silent Tormentor's Hood	Gnarlroot
Monk	Mistweaver	Neck	Amulet of Eonar's Chosen	Nymue
Monk	Mistweaver	Legs	Mystic Heron's Waders	Larodar, Keeper of the Flame
Monk	Mistweaver	Boots	Twisted Blossom Stompers	Gnarlroot
Monk	Mistweaver	Ring	Daydreamer's Glimmering Ring	Raid
Monk	Mistweaver	Trinket	Pip's Emerald Friendship Badge	Urctos
Monk	Mistweaver	Trinket	Blossom of Amirdrassil	Fyrakk
Monk	Mistweaver	Hands	Dreambinder, Loom of the Great Cycle	Nymue
Monk	Mistweaver	Neck	Raven Filigree Pendant	Black Rook Hold
Monk	Mistweaver	Wrist	Venerated Raptorhide Bindings	Atal'Dazar
Monk	Mistweaver	Belt	Belt of the Eternal Struggle	Dawn of the Infinite
Monk	Mistweaver	Legs	Legguards of Endless Horrors	Black Rook Hold
Monk	Mistweaver	Ring	Band of Callous Dominance	Black Rook Hold
Monk	Mistweaver	Trinket	Sea Star	Throne of the Tides
Monk	Windwalker	Head	Mystic Heron's Hatsuburi	Tindral Sageswift
Monk	Windwalker	Neck	Ouroboreal Necklet	Volcoross
Monk	Windwalker	Shoulders	Leafmender Mantle	The Everbloom
Monk	Windwalker	Cloak	Inflammable Drapeleaf	Gnarlroot
Monk	Windwalker	Chest	Mystic Heron's Burdens	Nymue
Monk	Windwalker	Wrist	Life-Bound Bindings	Crafted
Monk	Windwalker	Gloves	Mystic Heron's Glovebills	Igira the Cruel
Monk	Windwalker	Belt	Hound-Jowl Waistband	Waycrest Manor
Monk	Windwalker	Legs	Mystic Heron's Waders	Larodar, Keeper of the Flame
Monk	Windwalker	Boots	Slimy Expulsion Boots	Crafted
Monk	Windwalker	Ring	Signet of the Last Elder	Igira the Cruel
Monk	Windwalker	Ring	Lord Waycrest's Signet	Waycrest Manor
Monk	Windwalker	Hands	Rashon, the Immortal Blaze	Fyrakk
Monk	Windwalker	Shoulders	Mystic Heron's Hopeful Effigy	Smolderon
Monk	Windwalker	Wrist	Mystic Heron's Fisticuffs	Catalyst
Monk	Windwalker	Belt	Bloody Dragonhide Belt	Igira the Cruel
Monk	Windwalker	Boots	Mystic Heron's Tabi	Catalyst
Monk	Windwalker	Ring	Band of Burning Thorns	Larodar, Keeper of the Flame
Monk	Windwalker	Neck	Raven Filigree Pendant	Black Rook Hold
Monk	Windwalker	Cloak	Shadowfeather Shawl	Black Rook Hold
Monk	Windwalker	Wrist	Chronomancer's Stasis Shackles	Dawn of the Infinite
Monk	Windwalker	Ring	Band of Twisted Bark	Darkheart Thicket
Monk	Windwalker	Hands	Borrowed Time	Dawn of the Infinite
Monk	Windwalker	Trinket	Cataclysmic Signet Brand	Smolderon
Monk	Windwalker	Trinket	Ashes of the Embersoul	Smolderon
Paladin	Holy	Head	Zealous Pyreknight's Barbute	Tindral Sageswift
Paladin	Holy	Neck	Amulet of Eonar's Chosen	Nymue
Paladin	Holy	Shoulders	Zealous Pyreknight's Ailettes	Smolderon
Paladin	Holy	Cloak	Raal's Bib	Waycrest Manor
Paladin	Holy	Chest	Zealous Pyreknight's Warplate	Nymue
Paladin	Holy	Wrist	Agonizing Manacles	Igira the Cruel
Paladin	Holy	Gloves	Eldermoss Gauntlets	Nymue
Paladin	Holy	Belt	Phlegethic Girdle	Larodar, Keeper of the Flame
Paladin	Holy	Legs	Zealous Pyreknight's Cuisses	Larodar, Keeper of the Flame
Paladin	Holy	Boots	Lavaforged Sollerets	Volcoross
Paladin	Holy	Ring	Daydreamer's Glimmering Ring	Raid
Paladin	Holy	Ring	Band of Callous Dominance	Black Rook Hold
Paladin	Holy	Trinket	Pip's Emerald Friendship Badge	Urctos
Paladin	Holy	Trinket	Coagulated Genesaur Blood	The Everbloom
Paladin	Holy	Hands	Vakash, the Shadowed Inferno	Fyrakk
Paladin	Holy	Hands	Defender of the Ancient	Gnarlroot
Paladin	Holy	Cloak	Mantle of Blazing Sacrifice	Smolderon
Paladin	Holy	Gloves	Zealous Pyreknight's Jeweled Gauntlets	Igira the Cruel
Paladin	Holy	Legs	Seared Ironwood Greaves	Gnarlroot
Paladin	Holy	Ring	Signet of Titanic Insight	Crafted
Paladin	Holy	Trinket	Smoldering Seedling	Larodar, Keeper of the Flame
Paladin	Holy	Neck	Elemental Lariat	Crafted
Paladin	Holy	Wrist	Incarnadine Bracers	The Everbloom
Paladin	Holy	Gloves	Displaced Trooper's Gauntlets	Dawn of the Infinite
Paladin	Holy	Belt	Unwinding Eon Girdle	Dawn of the Infinite
Paladin	Holy	Boots	Goldsteel Sabatons	The Everbloom
Paladin	Holy	Ring	Ring of Contempt	Black Rook Hold
Paladin	Holy	Trinket	Belor'relos, the Suncaller*	Tindral Sageswift
Paladin	Holy	Hands	Conflux Caller's Baton	Dawn of the Infinite
Paladin	Holy	Hands	Desiccated Husk Shield	The Everbloom
Paladin	Holy	Trinket	Echoing Tyrstone	Dawn of the Infinite
Paladin	Holy	Trinket	Sea Star	Throne of the Tides
Paladin	Holy	Trinket	Idol of the Life-Binder	Crafted
Paladin	Protection	Head	Zealous Pyreknight's Barbute	Tindral Sageswift
Paladin	Protection	Neck	Eye of the Rising Flame	Tindral Sageswift
Paladin	Protection	Shoulders	Zealous Pyreknight's Ailettes	Smolderon
Paladin	Protection	Cloak	Drape of the Loyal Vassal	Atal'Dazar
Paladin	Protection	Chest	Zealous Pyreknight's Warplate	Nymue
Paladin	Protection	Wrist	Agonizing Manacles	Igira the Cruel
Paladin	Protection	Gloves	Zealous Pyreknight's Jeweled Gauntlets	Igira the Cruel
Paladin	Protection	Belt	Girdle of Burgeoning Apathy	Waycrest Manor
Paladin	Protection	Legs	Greaves of Parallel Lives	Dawn of the Infinite
Paladin	Protection	Boots	Fused Obsidian Sabatons	Smolderon
Paladin	Protection	Ring	Band of Burning Thorns	Larodar, Keeper of the Flame
Paladin	Protection	Ring	Arch-Druid's Tainted Seal	Darkheart Thicket
Paladin	Protection	Hands	Gholak, the Final Conflagration	Fyrakk
Paladin	Protection	Hands	Disc of Indomitable Will	Atal'Dazar
Paladin	Protection	Cloak	Mantle of Blazing Sacrifice	Smolderon
Paladin	Protection	Belt	Smoldering Chevalier's Greatbelt	Tindral Sageswift
Paladin	Protection	Legs	Zealous Pyreknight's Cuisses	Larodar, Keeper of the Flame
Paladin	Protection	Ring	Signet of the Last Elder	Igira the Cruel
Paladin	Protection	Hands	Defender of the Ancient	Gnarlroot
Paladin	Protection	Neck	Chain of the Green Flight	Darkheart Thicket
Paladin	Protection	Wrist	Incarnadine Bracers	The Everbloom
Paladin	Protection	Boots	Goldsteel Sabatons	The Everbloom
Paladin	Protection	Ring	Ring of Contempt	Black Rook Hold
Paladin	Protection	Hands	Adulation Enforcer	Atal'Dazar
Paladin	Protection	Trinket	Augury of the Primal Flame	Fyrakk
Paladin	Protection	Trinket	Cataclysmic Signet Brand	Smolderon
Paladin	Retribution	Head	Zealous Pyreknight's Barbute	Tindral Sageswift
Paladin	Retribution	Neck	Ouroboreal Necklet	Volcoross
Paladin	Retribution	Shoulders	Zealous Pyreknight's Ailettes	Smolderon
Paladin	Retribution	Cloak	Vibrant Wildercloth Shawl	Crafted
Paladin	Retribution	Chest	Zealous Pyreknight's Warplate	Nymue
Paladin	Retribution	Wrist	Primal Molten Vambraces	Crafted
Paladin	Retribution	Gloves	Eldermoss Gauntlets	Nymue
Paladin	Retribution	Belt	Unwinding Eon Girdle	Dawn of the Infinite
Paladin	Retribution	Legs	Zealous Pyreknight's Cuisses	Larodar, Keeper of the Flame
Paladin	Retribution	Boots	Marbled Oathstone Greatboots	Dawn of the Infinite
Paladin	Retribution	Ring	Band of Burning Thorns	Larodar, Keeper of the Flame
Paladin	Retribution	Ring	Signet of the Last Elder	Igira the Cruel
Paladin	Retribution	Hands	Fyr'alath the Dreamrender	Fyrakk
Paladin	Retribution	Cloak	Inflammable Drapeleaf	Gnarlroot
Paladin	Retribution	Wrist	Agonizing Manacles	Igira the Cruel
Paladin	Retribution	Belt	Phlegethic Girdle	Larodar, Keeper of the Flame
Paladin	Retribution	Boots	Fused Obsidian Sabatons	Smolderon
Paladin	Retribution	Neck	Ironshell Pendant	Throne of the Tides
Paladin	Retribution	Cloak	Shadowfeather Shawl	Black Rook Hold
Paladin	Retribution	Wrist	Zealous Commander's Cuffs	Dawn of the Infinite
Paladin	Retribution	Gloves	Zealous Pyreknight's Jeweled Gauntlets	Catalyst
Paladin	Retribution	Ring	Seal of the Regal Loa	Atal'Dazar
Paladin	Retribution	Ring	Thornwoven Band	Waycrest Manor
Paladin	Retribution	Hands	Gorehowl, Might of the Warchief	Dawn of the Infinite
Paladin	Retribution	Trinket	Cataclysmic Signet Brand	Smolderon
Paladin	Retribution	Trinket	Augury of the Primal Flame	Fyrakk
Paladin	Retribution	Trinket	Rezan's Gleaming Eye	Atal'Dazar
Paladin	Retribution	Trinket	Branch of the Tormented Ancient	Gnarlroot
Paladin	Retribution	Trinket	Ashes of the Embersoul	Smolderon
Paladin	Retribution	Trinket	Pip's Emerald Friendship Badge	Urctos
Paladin	Retribution	Trinket	Porcelain Crab	Throne of the Tides
Priest	Discipline	Head	Crest of Lunar Communion	Tindral Sageswift
Priest	Discipline	Neck	Elemental Lariat	Crafted
Priest	Discipline	Shoulders	Shoulderguardians of Lunar Communion	Smolderon
Priest	Discipline	Cloak	Inflammable Drapeleaf	Gnarlroot
Priest	Discipline	Chest	Vesture of the Smoldering Serpent	Volcoross
Priest	Discipline	Wrist	Wraps of Everliving Fealty	Atal'Dazar
Priest	Discipline	Gloves	Touch of Lunar Communion	Igira the Cruel
Priest	Discipline	Belt	Blooming Redeemer's Sash	Fyrakk
Priest	Discipline	Legs	Leggings of Lunar Communion	Larodar, Keeper of the Flame
Priest	Discipline	Boots	Imbued Frostweave Slippers	Dawn of the Infinite
Priest	Discipline	Ring	Band of Burning Thorns	Larodar, Keeper of the Flame
Priest	Discipline	Ring	Band of Callous Dominance	Black Rook Hold
Priest	Discipline	Trinket	Balefire Branch	Waycrest Manor
Priest	Discipline	Trinket	Blossom of Amirdrassil	Fyrakk
Priest	Discipline	Hands	Eternal Kindler's Greatstaff	Tindral Sageswift
Priest	Discipline	Hands	Vakash, the Shadowed Inferno	Fyrakk
Priest	Discipline	Hands	Bioluminescent Lamp	Throne of the Tides
Priest	Discipline	Neck	Amulet of Eonar's Chosen	Nymue
Priest	Discipline	Wrist	Fading Flame Wristbands	Smolderon
Priest	Discipline	Boots	Lost Scholar's Belted Treads	Volcoross
Priest	Discipline	Ring	Signet of the Last Elder	Igira the Cruel
Priest	Discipline	Trinket	Pip's Emerald Friendship Badge	Urctos
Priest	Discipline	Hands	Trickster's Captivating Chime	Urctos
Priest	Discipline	Head	Aurelian Miter	Throne of the Tides
Priest	Discipline	Shoulders	Slipstream Shoulderpads	Darkheart Thicket
Priest	Discipline	Cloak	Raal's Bib	Waycrest Manor
Priest	Discipline	Chest	Bronze Defender's Vesture	Dawn of the Infinite
Priest	Discipline	Gloves	Familiar's Frayed Gloves	Dawn of the Infinite
Priest	Discipline	Belt	Cord of Arcane Mystery	The Everbloom
Priest	Discipline	Legs	Oakheart's Trunkwarmers	Darkheart Thicket
Priest	Discipline	Ring	Band of Twisted Bark	Darkheart Thicket
Priest	Discipline	Trinket	Echoing Tyrstone	Dawn of the Infinite
Priest	Discipline	Trinket	Sea Star	Throne of the Tides
Priest	Discipline	Hands	Cerith Spire Staff	Throne of the Tides
Priest	Discipline	Hands	Conflux Caller's Baton	Dawn of the Infinite
Priest	Discipline	Trinket	Coagulated Genesaur Blood	The Everbloom
Priest	Holy	Head	Crest of Lunar Communion	Tindral Sageswift
Priest	Holy	Neck	Eye of the Rising Flame	Tindral Sageswift
Priest	Holy	Shoulders	Shoulderguardians of Lunar Communion	Smolderon
Priest	Holy	Cloak	Mantle of Blazing Sacrifice	Smolderon
Priest	Holy	Chest	Cassock of Lunar Communion	Nymue
Priest	Holy	Wrist	Fading Flame Wristbands	Smolderon
Priest	Holy	Gloves	Twisting Shadow Claws	Fyrakk
Priest	Holy	Belt	Urctos's Hibernal Dial	Urctos
Priest	Holy	Legs	Leggings of Lunar Communion	Larodar, Keeper of the Flame
Priest	Holy	Boots	Imbued Frostweave Slippers	Dawn of the Infinite
Priest	Holy	Ring	Signet of the Last Elder	Igira the Cruel
Priest	Holy	Ring	Band of Twisted Bark	Darkheart Thicket
Priest	Holy	Trinket	Pip's Emerald Friendship Badge	Urctos
Priest	Holy	Trinket	Echoing Tyrstone	Dawn of the Infinite
Priest	Holy	Hands	Staff of Incandescent Torment	Gnarlroot
Priest	Holy	Hands	Vakash, the Shadowed Inferno	Fyrakk
Priest	Holy	Hands	Aureus Vessel	Atal'Dazar
Priest	Holy	Boots	Lifewoven Slippers	Nymue
Priest	Holy	Ring	Band of Burning Thorns	Larodar, Keeper of the Flame
Priest	Holy	Trinket	Smoldering Seedling	Larodar, Keeper of the Flame
Priest	Holy	Head	Crown of the Infinite Lord	Dawn of the Infinite
Priest	Holy	Neck	Chain of the Green Flight	Darkheart Thicket
Priest	Holy	Shoulders	Felflame Spaulders	The Everbloom
Priest	Holy	Cloak	Raal's Bib	Waycrest Manor
Priest	Holy	Chest	Ravencourt Formal Robes	Black Rook Hold
Priest	Holy	Wrist	Arathi Field Bandages	Dawn of the Infinite
Priest	Holy	Gloves	Latosius's Blasting Gloves	Black Rook Hold
Priest	Holy	Belt	Poisonroot Belt	Darkheart Thicket
Priest	Holy	Legs	Lightbinder Leggings	The Everbloom
Priest	Holy	Ring	Lord Waycrest's Signet	Waycrest Manor
Priest	Holy	Trinket	Sea Star	Throne of the Tides
Priest	Holy	Hands	Cerith Spire Staff	Throne of the Tides
Priest	Holy	Hands	Conflux Caller's Baton	Dawn of the Infinite
Priest	Holy	Trinket	Coagulated Genesaur Blood	The Everbloom
Priest	Shadow	Head	Crest of Lunar Communion	Tindral Sageswift
Priest	Shadow	Neck	Eye of the Rising Flame	Tindral Sageswift
Priest	Shadow	Shoulders	Shoulderguardians of Lunar Communion	Tindral Sageswift
Priest	Shadow	Cloak	Vibrant Wildercloth Shawl	Crafted
Priest	Shadow	Chest	Vesture of the Smoldering Serpent	Volcoross
Priest	Shadow	Wrist	Allied Wristguards of Time Dilation	Crafted
Priest	Shadow	Gloves	Touch of Lunar Communion	Igira the Cruel
Priest	Shadow	Belt	Blooming Redeemer's Sash	Fyrakk
Priest	Shadow	Legs	Leggings of Lunar Communion	Larodar, Keeper of the Flame
Priest	Shadow	Boots	Lifewoven Slippers	Nymue
Priest	Shadow	Ring	Band of Burning Thorns	Larodar, Keeper of the Flame
Priest	Shadow	Ring	Arch-Druid's Tainted Seal	Darkheart Thicket
Priest	Shadow	Trinket	Belor'relos, the Suncaller	Tindral Sageswift
Priest	Shadow	Trinket	Balefire Branch	Waycrest Manor
Priest	Shadow	Hands	Dreambinder, Loom of the Great Cycle	Nymue
Priest	Shadow	Hands	Vakash, the Shadowed Inferno	Fyrakk
Priest	Shadow	Hands	Trickster's Captivating Chime	Urctos
Priest	Shadow	Cloak	Mantle of Blazing Sacrifice	Smolderon
Priest	Shadow	Wrist	Fading Flame Wristbands	Smolderon
Priest	Shadow	Ring	Signet of the Last Elder	Igira the Cruel
Priest	Shadow	Trinket	Nymue's Unraveling Spindle	Nymue
Priest	Shadow	Trinket	Pip's Emerald Friendship Badge	Urctos
Priest	Shadow	Neck	Chain of the Green Flight	Darkheart Thicket
Priest	Shadow	Cloak	Drape of the Loyal Vassal	Atal'Dazar
Priest	Shadow	Chest	Bronze Defender's Vesture	Dawn of the Infinite
Priest	Shadow	Wrist	Wraps of Everliving Fealty	Atal'Dazar
Priest	Shadow	Belt	Poisonroot Belt	Darkheart Thicket
Priest	Shadow	Boots	Slippers of Heedless Sacrifice	Black Rook Hold
Priest	Shadow	Ring	Ring of Contempt	Black Rook Hold
Priest	Shadow	Trinket	Sea Star	Throne of the Tides
Priest	Shadow	Hands	Iridal, the Earth's Master	Dawn of the Infinite
Priest	Shadow	Hands	Morchie's Distorted Spellblade	Dawn of the Infinite
Priest	Shadow	Hands	Interloper's Mossy Skull	The Everbloom
Priest	Shadow	Trinket	Ashes of the Embersoul	Smolderon
Priest	Shadow	Trinket	Coagulated Genesaur Blood	The Everbloom
Rogue	Assassination	Head	Lucid Shadewalker's Deathmask	Tindral Sageswift
Rogue	Assassination	Neck	Eye of the Rising Flame	Tindral Sageswift
Rogue	Assassination	Shoulders	Lucid Shadewalker's Bladed Spaulders	Smolderon
Rogue	Assassination	Cloak	Periwinkle Cloak	Throne of the Tides
Rogue	Assassination	Chest	Lucid Shadewalker's Cuirass	Nymue
Rogue	Assassination	Wrist	Life-Bound Bindings	Crafted
Rogue	Assassination	Gloves	Lucid Shadewalker's Clawgrips	Igira the Cruel
Rogue	Assassination	Belt	Bloody Dragonhide Belt	Igira the Cruel
Rogue	Assassination	Legs	Shambling Berserker's Leggings	Atal'Dazar
Rogue	Assassination	Boots	Toxic Thorn Footwraps	Crafted
Rogue	Assassination	Ring	Ring of Contempt	Black Rook Hold
Rogue	Assassination	Ring	Band of Callous Dominance	Black Rook Hold
Rogue	Assassination	Trinket	Witherbark's Branch	The Everbloom
Rogue	Assassination	Trinket	Pip's Emerald Friendship Badge	Urctos
Rogue	Assassination	Hands	Nick of Time	Dawn of the Infinite
Rogue	Assassination	Cloak	Mantle of Blazing Sacrifice	Smolderon
Rogue	Assassination	Legs	Lucid Shadewalker's Chausses	Larodar, Keeper of the Flame
Rogue	Assassination	Ring	Band of Burning Thorns	Larodar, Keeper of the Flame
Rogue	Assassination	Ring	Signet of Titanic Insight	Crafted
Rogue	Assassination	Trinket	Cataclysmic Signet Brand	Smolderon
Rogue	Assassination	Hands	Cruel Dreamcarver	Igira the Cruel
Rogue	Assassination	Hands	Betrayer's Cinderblade	Tindral Sageswift
Rogue	Assassination	Neck	Chain of the Green Flight	Darkheart Thicket
Rogue	Assassination	Cloak	Vibrant Wildercloth Shawl	Crafted
Rogue	Assassination	Belt	Belt of the Eternal Struggle	Dawn of the Infinite
Rogue	Assassination	Boots	Decapod Slippers	Throne of the Tides
Rogue	Assassination	Trinket	Accelerating Sandglass	Dawn of the Infinite
Rogue	Outlaw	Head	Life-Bound Cap	Crafted
Rogue	Outlaw	Neck	Ouroboreal Necklet	Volcoross
Rogue	Outlaw	Shoulders	Lucid Shadewalker's Bladed Spaulders	Smolderon
Rogue	Outlaw	Cloak	Vibrant Wildercloth Shawl	Crafted
Rogue	Outlaw	Chest	Lucid Shadewalker's Cuirass	Nymue
Rogue	Outlaw	Wrist	Needlessly Complex Wristguards	Crafted
Rogue	Outlaw	Gloves	Lucid Shadewalker's Clawgrips	Igira the Cruel
Rogue	Outlaw	Belt	Life-Bound Belt	Crafted
Rogue	Outlaw	Legs	Lucid Shadewalker's Chausses	Larodar, Keeper of the Flame
Rogue	Outlaw	Boots	Toxic Thorn Footwraps	Crafted
Rogue	Outlaw	Ring	Signet of the Last Elder	Igira the Cruel
Rogue	Outlaw	Ring	Signet of Titanic Insight	Crafted
Rogue	Outlaw	Trinket	Cataclysmic Signet Brand	Smolderon
Rogue	Outlaw	Trinket	Coiled Serpent Idol	Volcoross
Rogue	Outlaw	Hands	Thorncaller Claw	Urctos
Rogue	Outlaw	Hands	Nick of Time	Dawn of the Infinite
Rogue	Outlaw	Head	Silent Tormentor's Hood	Gnarlroot
Rogue	Outlaw	Cloak	Inflammable Drapeleaf	Gnarlroot
Rogue	Outlaw	Wrist	Verdant Sanctuary Bands	Urctos
Rogue	Outlaw	Belt	Bloody Dragonhide Belt	Igira the Cruel
Rogue	Outlaw	Boots	Tasseted Emberwalkers	Tindral Sageswift
Rogue	Outlaw	Ring	Band of Burning Thorns	Larodar, Keeper of the Flame
Rogue	Outlaw	Hands	Betrayer's Cinderblade	Tindral Sageswift
Rogue	Outlaw	Head	Blackwater Helm	The Everbloom
Rogue	Outlaw	Neck	Raven Filigree Pendant	Black Rook Hold
Rogue	Outlaw	Cloak	Raal's Bib	Waycrest Manor
Rogue	Outlaw	Wrist	Venerated Raptorhide Bindings	Atal'Dazar
Rogue	Outlaw	Belt	Belt of Gleaming Determination	Atal'Dazar
Rogue	Outlaw	Boots	Grove Darkener's Treads	Darkheart Thicket
Rogue	Outlaw	Ring	Thornwoven Band	Waycrest Manor
Rogue	Outlaw	Ring	Lord Waycrest's Signet	Waycrest Manor
Rogue	Outlaw	Trinket	Accelerating Sandglass	Dawn of the Infinite
Rogue	Outlaw	Trinket	My'das Talisman	Atal'Dazar
Rogue	Outlaw	Hands	Soulcharmer's Bludgeon	Waycrest Manor
Rogue	Outlaw	Trinket	Bandolier of Twisted Blades	Igira the Cruel
Rogue	Subtlety	Head	Life-Bound Cap	Crafted
Rogue	Subtlety	Neck	Chain of the Green Flight	Darkheart Thicket
Rogue	Subtlety	Shoulders	Lucid Shadewalker's Bladed Spaulders	Smolderon
Rogue	Subtlety	Cloak	Lucid Shadewalker's Cape	Catalyst
Rogue	Subtlety	Chest	Lucid Shadewalker's Cuirass	Nymue
Rogue	Subtlety	Wrist	Life-Bound Bindings	Crafted
Rogue	Subtlety	Gloves	Lucid Shadewalker's Clawgrips	Igira the Cruel
Rogue	Subtlety	Belt	Lucid Shadewalker's Baldric	Raid
Rogue	Subtlety	Legs	Lucid Shadewalker's Chausses	Larodar, Keeper of the Flame
Rogue	Subtlety	Boots	Twisted Blossom Stompers	Raid
Rogue	Subtlety	Ring	Signet of the Last Elder	Igira the Cruel
Rogue	Subtlety	Ring	Ring-Bound Hourglass	Crafted
Rogue	Subtlety	Trinket	Witherbark's Branch	The Everbloom
Rogue	Subtlety	Trinket	Pip's Emerald Friendship Badge	Urctos
Rogue	Subtlety	Hands	Nick of Time	Dawn of the Infinite
Rogue	Subtlety	Head	Lucid Shadewalker's Deathmask	Tindral Sageswift
Rogue	Subtlety	Neck	Ouroboreal Necklet	Volcoross
Rogue	Subtlety	Cloak	Mantle of Blazing Sacrifice	Smolderon
Rogue	Subtlety	Wrist	Primordial Serpent's Bindings	Volcoross
Rogue	Subtlety	Belt	Bloody Dragonhide Belt	Igira the Cruel
Rogue	Subtlety	Boots	Tasseted Emberwalkers	Tindral Sageswift
Rogue	Subtlety	Ring	Band of Burning Thorns	Larodar, Keeper of the Flame
Rogue	Subtlety	Trinket	Cataclysmic Signet Brand	Smolderon
Rogue	Subtlety	Hands	Cruel Dreamcarver	Igira the Cruel
Rogue	Subtlety	Hands	Betrayer's Cinderblade	Tindral Sageswift
Rogue	Subtlety	Head	Blackwater Helm	The Everbloom
Rogue	Subtlety	Shoulders	Leafmender Mantle	The Everbloom
Rogue	Subtlety	Cloak	Periwinkle Cloak	Throne of the Tides
Rogue	Subtlety	Chest	Spymaster's Wrap	Atal'Dazar
Rogue	Subtlety	Wrist	Venerated Raptorhide Bindings	Atal'Dazar
Rogue	Subtlety	Gloves	Raven's Veil Gloves	Black Rook Hold
Rogue	Subtlety	Belt	Hound-Jowl Waistband	Waycrest Manor
Rogue	Subtlety	Legs	Blight Toadskin Leggings	Waycrest Manor
Rogue	Subtlety	Boots	Grove Darkener's Treads	Darkheart Thicket
Rogue	Subtlety	Ring	Lord Waycrest's Signet	Waycrest Manor
Rogue	Subtlety	Ring	Band of Twisted Bark	Darkheart Thicket
Rogue	Subtlety	Trinket	Porcelain Crab	Throne of the Tides
Shaman	Elemental	Head	Greatwolf Outcast's Jaws	Tindral Sageswift
Shaman	Elemental	Neck	Eye of the Rising Flame	Tindral Sageswift
Shaman	Elemental	Shoulders	Greatwolf Outcast's Companions	Smolderon
Shaman	Elemental	Cloak	Shadowfeather Shawl	Black Rook Hold
Shaman	Elemental	Chest	Greatwolf Outcast's Harness	Nymue
Shaman	Elemental	Wrist	Adaptive Dracothyst Armguards	Crafted
Shaman	Elemental	Gloves	Greatwolf Outcast's Grips	Igira the Cruel
Shaman	Elemental	Belt	Jeweled Sash of the Viper	Volcoross
Shaman	Elemental	Legs	Allied Legguards of Sansok Khan	Crafted
Shaman	Elemental	Boots	Boots of the Molten Hoard	Fyrakk
Shaman	Elemental	Ring	Band of Burning Thorns	Larodar, Keeper of the Flame
Shaman	Elemental	Ring	Arch-Druid's Tainted Seal	Darkheart Thicket
Shaman	Elemental	Trinket	Sea Star	Throne of the Tides
Shaman	Elemental	Trinket	Balefire Branch	Waycrest Manor
Shaman	Elemental	Hands	Vakash, the Shadowed Inferno	Fyrakk
Shaman	Elemental	Hands	Verdant Matrix Beacon	Nymue
Shaman	Elemental	Head	Snake Eater's Cowl	Volcoross
Shaman	Elemental	Cloak	Mantle of Blazing Sacrifice	Smolderon
Shaman	Elemental	Wrist	Twisted Flamecuffs	Larodar, Keeper of the Flame
Shaman	Elemental	Legs	Greatwolf Outcast's Fur-Lined Kilt	Larodar, Keeper of the Flame
Shaman	Elemental	Ring	Signet of the Last Elder	Igira the Cruel
Shaman	Elemental	Trinket	Belor'relos, the Suncaller	Tindral Sageswift
Shaman	Elemental	Trinket	Pip's Emerald Friendship Badge	Raid
Shaman	Elemental	Head	Morningscale Cowl	The Everbloom
Shaman	Elemental	Neck	Chain of the Green Flight	Darkheart Thicket
Shaman	Elemental	Shoulders	Shadow Archer's Spaulders	Black Rook Hold
Shaman	Elemental	Cloak	Drape of the Raven Lord	Black Rook Hold
Shaman	Elemental	Chest	Temple Acolyte's Uniform	Dawn of the Infinite
Shaman	Elemental	Wrist	Slaughterhouse-Chain Bracers	Waycrest Manor
Shaman	Elemental	Gloves	Gloves of Wretched Lesions	Darkheart Thicket
Shaman	Elemental	Belt	Reality-Warping Waistband	Dawn of the Infinite
Shaman	Elemental	Legs	Rockhide Leggings	The Everbloom
Shaman	Elemental	Boots	Grunt's Eternal Treads	Dawn of the Infinite
Shaman	Elemental	Ring	Ring of Contempt	Black Rook Hold
Shaman	Elemental	Hands	Morchie's Distorted Spellblade	Dawn of the Infinite
Shaman	Elemental	Hands	Disc of Indomitable Will	Atal'Dazar
Shaman	Enhancement	Head	Greatwolf Outcast's Jaws	Tindral Sageswift
Shaman	Enhancement	Neck	Eye of the Rising Flame	Tindral Sageswift
Shaman	Enhancement	Shoulders	Greatwolf Outcast's Companions	Smolderon
Shaman	Enhancement	Cloak	Vibrant Wildercloth Shawl	Crafted
Shaman	Enhancement	Chest	Greatwolf Outcast's Harness	Nymue
Shaman	Enhancement	Wrist	Adaptive Dracothyst Armguards	Crafted
Shaman	Enhancement	Gloves	Greatwolf Outcast's Grips	Igira the Cruel
Shaman	Enhancement	Belt	Reality-Warping Waistband	Dawn of the Infinite
Shaman	Enhancement	Legs	Timeways Intruder's Greaves	Dawn of the Infinite
Shaman	Enhancement	Boots	Whelp Handler's Lined Boots	Darkheart Thicket
Shaman	Enhancement	Ring	Band of Burning Thorns	Larodar, Keeper of the Flame
Shaman	Enhancement	Ring	Arch-Druid's Tainted Seal	Darkheart Thicket
Shaman	Enhancement	Trinket	Pip's Emerald Friendship Badge	Urctos
Shaman	Enhancement	Trinket	Cataclysmic Signet Brand	Smolderon
Shaman	Enhancement	Trinket	Porcelain Crab	Throne of the Tides
Shaman	Enhancement	Hands	Soulrending Claw	Atal'Dazar
Shaman	Enhancement	Hands	Thorncaller Claw	Urctos
Shaman	Enhancement	Hands	Igira's Flaying Hatchet	Igira the Cruel
Shaman	Enhancement	Cloak	Mantle of Blazing Sacrifice	Smolderon
Shaman	Enhancement	Wrist	Twisted Flamecuffs	Larodar, Keeper of the Flame
Shaman	Enhancement	Belt	Forlorn Leaf Clasp	Gnarlroot
Shaman	Enhancement	Legs	Aerwynn's Ritual Sarong	Urctos
Shaman	Enhancement	Boots	Cleats of the Savage Claw	Urctos
Shaman	Enhancement	Ring	Daydreamer's Glimmering Ring	Raid
Shaman	Enhancement	Neck	Chain of the Green Flight	Darkheart Thicket
Shaman	Enhancement	Cloak	Drape of the Loyal Vassal	Atal'Dazar
Shaman	Enhancement	Wrist	Slaughterhouse-Chain Bracers	Waycrest Manor
Shaman	Enhancement	Legs	Rockhide Leggings	The Everbloom
Shaman	Enhancement	Ring	Band of Twisted Bark	Darkheart Thicket
Shaman	Enhancement	Trinket	Witherbark's Branch	The Everbloom
Shaman	Enhancement	Hands	Fallen Drake's Bonesplitter	Dawn of the Infinite
Shaman	Restoration	Head	Greatwolf Outcast's Jaws	Tindral Sageswift
Shaman	Restoration	Neck	Ouroboreal Necklet	Volcoross
Shaman	Restoration	Shoulders	Greatwolf Outcast's Companions	Smolderon
Shaman	Restoration	Cloak	Inflammable Drapeleaf	Gnarlroot
Shaman	Restoration	Chest	Ancient Haubark	Gnarlroot
Shaman	Restoration	Wrist	Adaptive Dracothyst Armguards	Crafted
Shaman	Restoration	Gloves	Greatwolf Outcast's Grips	Igira the Cruel
Shaman	Restoration	Belt	Waistguard of Deteriorating Grace	Waycrest Manor
Shaman	Restoration	Legs	Greatwolf Outcast's Fur-Lined Kilt	Larodar, Keeper of the Flame
Shaman	Restoration	Boots	Venom-Steeped Stompers	Crafted
Shaman	Restoration	Ring	Daydreamer's Glimmering Ring	Raid
Shaman	Restoration	Ring	Lord Waycrest's Signet	Waycrest Manor
Shaman	Restoration	Trinket	Pip's Emerald Friendship Badge	Urctos
Shaman	Restoration	Trinket	Echoing Tyrstone	Dawn of the Infinite
Shaman	Restoration	Hands	Dreambinder, Loom of the Great Cycle	Nymue
Shaman	Restoration	Hands	Vakash, the Shadowed Inferno	Fyrakk
Shaman	Restoration	Hands	Defender of the Ancient	Gnarlroot
Shaman	Restoration	Wrist	Twisted Flamecuffs	Larodar, Keeper of the Flame
Shaman	Restoration	Belt	Forlorn Leaf Clasp	Gnarlroot
Shaman	Restoration	Boots	Cleats of the Savage Claw	Urctos
Shaman	Restoration	Ring	Signet of the Last Elder	Igira the Cruel
Shaman	Restoration	Ring	Band of Burning Thorns	Larodar, Keeper of the Flame
Shaman	Restoration	Trinket	Smoldering Seedling	Larodar, Keeper of the Flame
Shaman	Restoration	Neck	Raven Filigree Pendant	Black Rook Hold
Shaman	Restoration	Cloak	Shadowfeather Shawl	Black Rook Hold
Shaman	Restoration	Chest	Greatwolf Outcast's Harness	Catalyst
Shaman	Restoration	Wrist	Timeway Sojourner's Bracelet	Dawn of the Infinite
Shaman	Restoration	Legs	Timeways Intruder's Greaves	Dawn of the Infinite
Shaman	Restoration	Boots	Souldrifting Sabatons	Atal'Dazar
Shaman	Restoration	Ring	Thornwoven Band	Waycrest Manor
Shaman	Restoration	Trinket	Coagulated Genesaur Blood	The Everbloom
Shaman	Restoration	Hands	Iridal, the Earth's Master	Dawn of the Infinite
Shaman	Restoration	Hands	Conflux Caller's Baton	Dawn of the Infinite
Shaman	Restoration	Hands	Murozond's Timeless Scale	Dawn of the Infinite
Shaman	Restoration	Trinket	Sea Star	Throne of the Tides
Shaman	Restoration	Trinket	Idol of the Life-Binder	Crafted
Shaman	Restoration	Trinket	Revitalizing Voodoo Totem	Atal'Dazar
Warlock	Affliction	Head	Devout Ashdevil's Grimhorns	Tindral Sageswift
Warlock	Affliction	Neck	Eye of the Rising Flame	Tindral Sageswift
Warlock	Affliction	Shoulders	Devout Ashdevil's Hatespikes	Smolderon
Warlock	Affliction	Cloak	Raal's Bib	Waycrest Manor
Warlock	Affliction	Chest	Devout Ashdevil's Razorhide	Nymue
Warlock	Affliction	Wrist	Fading Flame Wristbands	Smolderon
Warlock	Affliction	Gloves	Twisting Shadow Claws	Fyrakk
Warlock	Affliction	Belt	Blooming Redeemer's Sash	Fyrakk
Warlock	Affliction	Legs	Devout Ashdevil's Tights	Larodar, Keeper of the Flame
Warlock	Affliction	Boots	Lifewoven Slippers	Nymue
Warlock	Affliction	Ring	Band of Burning Thorns	Larodar, Keeper of the Flame
Warlock	Affliction	Ring	Arch-Druid's Tainted Seal	Darkheart Thicket
Warlock	Affliction	Trinket	Belor'relos, the Suncaller	Tindral Sageswift
Warlock	Affliction	Trinket	Nymue's Unraveling Spindle	Nymue
Warlock	Affliction	Hands	Iridal, the Earth's Master	Dawn of the Infinite
Warlock	Affliction	Hands	Larodar's Moonblade	Larodar, Keeper of the Flame
Warlock	Affliction	Hands	Ancestor's Necromantic Focus	Dawn of the Infinite
Warlock	Affliction	Cloak	Mantle of Blazing Sacrifice	Smolderon
Warlock	Affliction	Ring	Signet of the Last Elder	Igira the Cruel
Warlock	Affliction	Hands	Dreambinder, Loom of the Great Cycle	Nymue
Warlock	Affliction	Hands	Trickster's Captivating Chime	Urctos
Warlock	Affliction	Neck	Pipefish Cord	Throne of the Tides
Warlock	Affliction	Wrist	Wristbands of Cursed Torment	Darkheart Thicket
Warlock	Affliction	Gloves	Familiar's Frayed Gloves	Dawn of the Infinite
Warlock	Affliction	Belt	Poisonroot Belt	Darkheart Thicket
Warlock	Affliction	Boots	Slippers of Heedless Sacrifice	Black Rook Hold
Warlock	Affliction	Ring	Band of Callous Dominance	Black Rook Hold
Warlock	Affliction	Trinket	Balefire Branch	Waycrest Manor
Warlock	Affliction	Trinket	Vessel of Skittering Shadows	Atal'Dazar
Warlock	Affliction	Hands	Wand of Zealous Purification	Atal'Dazar
Warlock	Demonology	Head	Devout Ashdevil's Grimhorns	Tindral Sageswift
Warlock	Demonology	Neck	Amulet of Eonar's Chosen	Nymue
Warlock	Demonology	Shoulders	Devout Ashdevil's Hatespikes	Smolderon
Warlock	Demonology	Cloak	Vibrant Wildercloth Shawl	Crafted
Warlock	Demonology	Chest	Devout Ashdevil's Razorhide	Nymue
Warlock	Demonology	Wrist	Vibrant Wildercloth Wristwraps	Crafted
Warlock	Demonology	Gloves	Devout Ashdevil's Claws	Igira the Cruel
Warlock	Demonology	Belt	Blooming Redeemer's Sash	Fyrakk
Warlock	Demonology	Legs	Elder's Volcanic Wrap	Igira the Cruel
Warlock	Demonology	Boots	Lifewoven Slippers	Nymue
Warlock	Demonology	Ring	Band of Burning Thorns	Larodar, Keeper of the Flame
Warlock	Demonology	Ring	Signet of the Last Elder	Igira the Cruel
Warlock	Demonology	Trinket	Belor'relos, the Suncaller	Tindral Sageswift
Warlock	Demonology	Trinket	Nymue's Unraveling Spindle	Nymue
Warlock	Demonology	Hands	Dreambinder, Loom of the Great Cycle	Nymue
Warlock	Demonology	Hands	Larodar's Moonblade	Larodar, Keeper of the Flame
Warlock	Demonology	Hands	Ancestor's Necromantic Focus	Dawn of the Infinite
Warlock	Demonology	Neck	Eye of the Rising Flame	Tindral Sageswift
Warlock	Demonology	Cloak	Mantle of Blazing Sacrifice	Smolderon
Warlock	Demonology	Wrist	Fading Flame Wristbands	Smolderon
Warlock	Demonology	Hands	Trickster's Captivating Chime	Urctos
Warlock	Demonology	Neck	Pipefish Cord	Throne of the Tides
Warlock	Demonology	Cloak	Raal's Bib	Waycrest Manor
Warlock	Demonology	Wrist	Wristbands of Cursed Torment	Darkheart Thicket
Warlock	Demonology	Belt	Poisonroot Belt	Darkheart Thicket
Warlock	Demonology	Boots	Slippers of Heedless Sacrifice	Black Rook Hold
Warlock	Demonology	Ring	Band of Callous Dominance	Black Rook Hold
Warlock	Demonology	Ring	Arch-Druid's Tainted Seal	Darkheart Thicket
Warlock	Demonology	Trinket	Balefire Branch	Waycrest Manor
Warlock	Demonology	Trinket	Coagulated Genesaur Blood	The Everbloom
Warlock	Demonology	Hands	Cerith Spire Staff	Throne of the Tides
Warlock	Demonology	Hands	Iridal, the Earth's Master	Dawn of the Infinite
Warlock	Demonology	Hands	Wand of Zealous Purification	Atal'Dazar
Warlock	Destruction	Head	Devout Ashdevil's Grimhorns	Tindral Sageswift
Warlock	Destruction	Neck	Eye of the Rising Flame	Tindral Sageswift
Warlock	Destruction	Shoulders	Devout Ashdevil's Hatespikes	Smolderon
Warlock	Destruction	Cloak	Mantle of Blazing Sacrifice	Smolderon
Warlock	Destruction	Chest	Devout Ashdevil's Razorhide	Nymue
Warlock	Destruction	Wrist	Fading Flame Wristbands	Smolderon
Warlock	Destruction	Gloves	Twisting Shadow Claws	Fyrakk
Warlock	Destruction	Belt	Blooming Redeemer's Sash	Fyrakk
Warlock	Destruction	Legs	Devout Ashdevil's Tights	Larodar, Keeper of the Flame
Warlock	Destruction	Boots	Lifewoven Slippers	Nymue
Warlock	Destruction	Ring	Band of Burning Thorns	Larodar, Keeper of the Flame
Warlock	Destruction	Ring	Arch-Druid's Tainted Seal	Darkheart Thicket
Warlock	Destruction	Trinket	Belor'relos, the Suncaller	Tindral Sageswift
Warlock	Destruction	Trinket	Nymue's Unraveling Spindle	Nymue
Warlock	Destruction	Hands	Dreambinder, Loom of the Great Cycle	Nymue
Warlock	Destruction	Hands	Larodar's Moonblade	Larodar, Keeper of the Flame
Warlock	Destruction	Hands	Ancestor's Necromantic Focus	Dawn of the Infinite
Warlock	Destruction	Gloves	Devout Ashdevil's Claws	Igira the Cruel
Warlock	Destruction	Ring	Signet of the Last Elder	Igira the Cruel
Warlock	Destruction	Hands	Trickster's Captivating Chime	Urctos
Warlock	Destruction	Neck	Pipefish Cord	Throne of the Tides
Warlock	Destruction	Cloak	Raal's Bib	Waycrest Manor
Warlock	Destruction	Wrist	Wristbands of Cursed Torment	Darkheart Thicket
Warlock	Destruction	Belt	Poisonroot Belt	Darkheart Thicket
Warlock	Destruction	Boots	Slippers of Heedless Sacrifice	Black Rook Hold
Warlock	Destruction	Ring	Band of Callous Dominance	Black Rook Hold
Warlock	Destruction	Trinket	Balefire Branch	Waycrest Manor
Warlock	Destruction	Trinket	Coagulated Genesaur Blood	The Everbloom
Warlock	Destruction	Hands	Cerith Spire Staff	Throne of the Tides
Warlock	Destruction	Hands	Wand of Zealous Purification	Atal'Dazar
Warrior	Arms	Head	Soulspun Casque	Atal'Dazar
Warrior	Arms	Neck	Amulet of Eonar's Chosen	Nymue
Warrior	Arms	Shoulders	Molten Vanguard's Shouldervents	Smolderon
Warrior	Arms	Cloak	Vibrant Wildercloth Shawl	Crafted
Warrior	Arms	Chest	Molten Vanguard's Plackart	Nymue
Warrior	Arms	Wrist	Allied Wristguard of Companionship	Crafted
Warrior	Arms	Wrist	Primal Molten Vambraces	Crafted
Warrior	Arms	Gloves	Molten Vanguard's Crushers	Igira the Cruel
Warrior	Arms	Belt	Molten Vanguard's Chains	Catalyst
Warrior	Arms	Legs	Molten Vanguard's Steel Tassets	Larodar, Keeper of the Flame
Warrior	Arms	Boots	Molten Vanguard's Greatboots	Catalyst
Warrior	Arms	Ring	Ring of Contempt	Black Rook Hold
Warrior	Arms	Ring	Arch-Druid's Tainted Seal	Darkheart Thicket
Warrior	Arms	Trinket	Cataclysmic Signet Brand	Smolderon
Warrior	Arms	Trinket	Pip's Emerald Friendship Badge	Urctos
Warrior	Arms	Hands	Gnarlroot's Bonecrusher	Gnarlroot
Warrior	Arms	Head	Molten Vanguard's Domeplate	Tindral Sageswift
Warrior	Arms	Ring	Signet of the Last Elder	Igira the Cruel
Warrior	Arms	Ring	Band of Burning Thorns	Larodar, Keeper of the Flame
Warrior	Arms	Head	Incarnate's Perceptive Casque	Dawn of the Infinite
Warrior	Arms	Neck	Chain of the Green Flight	Darkheart Thicket
Warrior	Arms	Belt	Greatbelt of Disruption	Darkheart Thicket
Warrior	Arms	Boots	Goldsteel Sabatons	The Everbloom
Warrior	Arms	Trinket	Accelerating Sandglass	Dawn of the Infinite
Warrior	Arms	Trinket	Rezan's Gleaming Eye	Atal'Dazar
Warrior	Arms	Hands	Ravencrest's Wrath	Black Rook Hold
Warrior	Arms	Trinket	Might of the Ocean	Throne of the Tides
Warrior	Arms	Trinket	Augury of the Primal Flame	Fyrakk
Warrior	Arms	Trinket	Coiled Serpent Idol	Volcoross
Warrior	Fury	Head	Soulspun Casque	Atal'Dazar
Warrior	Fury	Neck	Raven Filigree Pendant	Black Rook Hold
Warrior	Fury	Shoulders	Molten Vanguard's Shouldervents	Smolderon
Warrior	Fury	Cloak	Vibrant Wildercloth Shawl	Crafted
Warrior	Fury	Chest	Molten Vanguard's Plackart	Nymue
Warrior	Fury	Wrist	Primal Molten Vambraces	Crafted
Warrior	Fury	Gloves	Molten Vanguard's Crushers	Igira the Cruel
Warrior	Fury	Belt	Smoldering Chevalier's Greatbelt	Tindral Sageswift
Warrior	Fury	Legs	Molten Vanguard's Steel Tassets	Larodar, Keeper of the Flame
Warrior	Fury	Boots	Molten Vanguard's Greatboots	Catalyst
Warrior	Fury	Ring	Signet of the Last Elder	Igira the Cruel
Warrior	Fury	Ring	Arch-Druid's Tainted Seal	Darkheart Thicket
Warrior	Fury	Trinket	Cataclysmic Signet Brand	Smolderon
Warrior	Fury	Trinket	Augury of the Primal Flame	Fyrakk
Warrior	Fury	Hands	Gorehowl, Might of the Warchief	Dawn of the Infinite
Warrior	Fury	Hands	Incandescent Soulcleaver	Smolderon
Warrior	Fury	Head	Molten Vanguard's Domeplate	Tindral Sageswift
Warrior	Fury	Neck	Eye of the Rising Flame	Tindral Sageswift
Warrior	Fury	Wrist	Allied Wristguard of Companionship	Crafted
Warrior	Fury	Legs	Seared Ironwood Greaves	Gnarlroot
Warrior	Fury	Ring	Band of Burning Thorns	Larodar, Keeper of the Flame
Warrior	Fury	Hands	Gnarlroot's Bonecrusher	Gnarlroot
Warrior	Fury	Belt	Greatbelt of Disruption	Darkheart Thicket
Warrior	Fury	Boots	Fatty Hooves of Gory Comfort	Waycrest Manor
Warrior	Fury	Ring	Seal of the Regal Loa	Atal'Dazar
Warrior	Fury	Ring	Thornwoven Band	Waycrest Manor
Warrior	Fury	Trinket	Might of the Ocean	Throne of the Tides
Warrior	Fury	Trinket	Rezan's Gleaming Eye	Atal'Dazar
Warrior	Fury	Hands	Ravencrest's Wrath	Black Rook Hold
Warrior	Protection	Head	Incarnate's Perceptive Casque	Dawn of the Infinite
Warrior	Protection	Neck	Amulet of Eonar's Chosen	Nymue
Warrior	Protection	Shoulders	Molten Vanguard's Shouldervents	Smolderon
Warrior	Protection	Cloak	Shadowfeather Shawl	Black Rook Hold
Warrior	Protection	Chest	Molten Vanguard's Plackart	Nymue
Warrior	Protection	Wrist	Agonizing Manacles	Igira the Cruel
Warrior	Protection	Gloves	Molten Vanguard's Crushers	Igira the Cruel
Warrior	Protection	Belt	Smoldering Chevalier's Greatbelt	Tindral Sageswift
Warrior	Protection	Legs	Molten Vanguard's Steel Tassets	Larodar, Keeper of the Flame
Warrior	Protection	Boots	Fused Obsidian Sabatons	Smolderon
Warrior	Protection	Ring	Band of Burning Thorns	Larodar, Keeper of the Flame
Warrior	Protection	Ring	Ring of Contempt	Black Rook Hold
Warrior	Protection	Trinket	Augury of the Primal Flame	Fyrakk
Warrior	Protection	Trinket	Cataclysmic Signet Brand	Smolderon
Warrior	Protection	Trinket	Fyrakk's Tainted Rageheart	Fyrakk
Warrior	Protection	Trinket	Prophetic Stonescales	Dawn of the Infinite
Warrior	Protection	Hands	Gholak, the Final Conflagration	Fyrakk
Warrior	Protection	Hands	Verdant Matrix Beacon	Nymue
Warrior	Protection	Head	Emerald Guardian's Casque	Urctos
Warrior	Protection	Cloak	Inflammable Drapeleaf	Gnarlroot
Warrior	Protection	Ring	Signet of the Last Elder	Igira the Cruel
Warrior	Protection	Trinket	Gift of Ursine Vengeance	Urctos
Warrior	Protection	Neck	Raven Filigree Pendant	Black Rook Hold
Warrior	Protection	Wrist	Incarnadine Bracers	The Everbloom
Warrior	Protection	Belt	Unwinding Eon Girdle	Dawn of the Infinite
Warrior	Protection	Boots	Goldsteel Sabatons	The Everbloom
Warrior	Protection	Ring	Thornwoven Band	Waycrest Manor
Warrior	Protection	Trinket	Accelerating Sandglass	Dawn of the Infinite
Warrior	Protection	Trinket	Gore-Crusted Butcher's Block	Waycrest Manor
Warrior	Protection	Trinket	Ember of Nullification	Black Rook Hold
Warrior	Protection	Hands	Adulation Enforcer	Atal'Dazar
Warrior	Protection	Hands	Servant Splitter	Waycrest Manor
Warrior	Protection	Hands	Desiccated Husk Shield	The Everbloom